<?xml version="1.0" encoding="UTF-8"?>
<metadata xml:lang="en"><Esri><CreaDate>20200804</CreaDate><CreaTime>11513000</CreaTime><ArcGISFormat>1.0</ArcGISFormat><SyncOnce>TRUE</SyncOnce><DataProperties><lineage><Process ToolSource="c:\program files (x86)\arcgis\desktop10.7\ArcToolbox\Toolboxes\Data Management Tools.tbx\CreateFeatureclass" Date="20200804" Time="115130">CreateFeatureclass \\udrive.uw.edu\udrive\SE_KC rt156_pts.shp POINT # DISABLED DISABLED "GEOGCS['GCS_WGS_1984',DATUM['D_WGS_1984',SPHEROID['WGS_1984',6378137.0,298.257223563]],PRIMEM['Greenwich',0.0],UNIT['Degree',0.0174532925199433]];-400 -400 1000000000;-100000 10000;-100000 10000;8.98315284119522E-09;0.001;0.001;IsHighPrecision" # 0 0 0</Process><Process ToolSource="c:\program files (x86)\arcgis\desktop10.7\ArcToolbox\Toolboxes\Data Management Tools.tbx\AddField" Date="20200804" Time="115135">AddField \\udrive.uw.edu\udrive\SE_KC\rt156_pts.shp ORIG_FID LONG # # # # NULLABLE NON_REQUIRED #</Process><Process ToolSource="c:\program files (x86)\arcgis\desktop10.7\ArcToolbox\Toolboxes\Data Management Tools.tbx\JoinField" Date="20200804" Time="130041">JoinField \\udrive.uw.edu\udrive\SE_KC\rt156_pts.shp ORIG_FID rt156_traced OBJECTID #</Process><Process ToolSource="c:\program files (x86)\arcgis\desktop10.7\ArcToolbox\Toolboxes\Data Management Tools.tbx\AddSpatialIndex" Date="20200804" Time="130239">AddSpatialIndex \\udrive.uw.edu\udrive\SE_KC\rt156_pts.shp 0 0 0</Process><Process ToolSource="c:\program files (x86)\arcgis\desktop10.7\ArcToolbox\Toolboxes\Data Management Tools.tbx\GeneratePointsAlongLines" Date="20200804" Time="130243">GeneratePointsAlongLines rt156_traced \\udrive.uw.edu\udrive\SE_KC\rt156_pts.shp DISTANCE "6 Feet" # END_POINTS</Process><Process ToolSource="c:\program files (x86)\arcgis\desktop10.7\ArcToolbox\Toolboxes\3D Analyst Tools.tbx\AddSurfaceInformation" Date="20200804" Time="131231">AddSurfaceInformation rt156_pts EV_KC_DSM.tif Z BILINEAR # 1 0 NO_FILTER</Process></lineage></DataProperties></Esri></metadata>
