Index,Dist. Route (m),Elev. Lidar (ft),Elev. Lidar (m)
0,0,332.3318449,101.2947463
1,10,331.5857104,101.0673245
2,20,330.9005865,100.8584988
3,30,330.3096102,100.6783692
4,40,329.7103925,100.4957276
5,50,329.1232626,100.3167704
6,60,328.5341818,100.1372186
7,70,328.0198693,99.98045616
8,80,327.5172594,99.82726067
9,90,326.923084,99.64615601
10,100,326.2688432,99.4467434
11,110,326.9300461,99.64827806
12,120,324.7860123,98.99477655
13,130,324.1429422,98.7987688
14,140,323.4634783,98.59166818
15,150,322.7907218,98.38661201
16,160,322.0971066,98.1751981
17,170,335.0457971,102.121959
18,180,326.3339872,99.46659929
19,190,319.4024255,97.35385929
20,200,332.7051828,101.4085397
21,210,315.7682159,96.24615222
22,220,313.947791,95.69128669
23,230,312.0533519,95.11386167
24,240,315.9195705,96.29228508
25,250,308.4494876,94.01540381
26,260,306.587538,93.44788157
27,270,320.1976335,97.59623869
28,280,302.7731574,92.28525839
29,290,300.9700641,91.73567555
30,300,299.1366552,91.17685251
31,310,297.2904549,90.61413064
32,320,295.4148037,90.04243218
33,330,293.5510958,89.47437401
34,340,291.7069713,88.91228484
35,350,290.7095289,88.60826442
36,360,289.0393745,88.09920136
37,370,286.4116797,87.29827999
38,380,283.8443384,86.51575435
39,390,281.3103837,85.74340496
40,400,284.0949733,86.59214786
41,410,276.2707183,84.20731493
42,420,275.1747835,83.87327402
43,430,272.4843392,83.05322659
44,440,268.3672652,81.79834244
45,450,265.8484655,81.03061228
46,460,263.2595809,80.24152027
47,470,291.6048607,88.88116154
48,480,258.1110187,78.67223849
49,490,255.4790346,77.87000976
50,500,257.4573591,78.47300306
51,510,250.456805,76.33923418
52,520,253.8396599,77.37032835
53,530,253.9948688,77.417636
54,540,246.0032772,74.9817989
55,550,256.0682065,78.04958935
56,560,247.5574041,75.45549676
57,570,248.9900935,75.8921805
58,580,241.3260145,73.55616922
59,590,241.2131909,73.52178058
60,600,244.7282867,74.59318178
61,610,233.7382527,71.24341941
62,620,241.2488924,73.5326624
63,630,219.4139697,66.87737797
64,640,224.1123146,68.3094335
65,650,226.6957112,69.09685279
66,660,199.7950038,60.89751716
67,670,195.4494104,59.57298028
68,680,192.6669534,58.72488739
69,690,186.6510634,56.89124413
70,700,182.2012956,55.53495489
71,710,181.6433251,55.3648855
72,720,181.6057175,55.3534227
73,730,190.5112999,58.06784421
74,740,182.6303731,55.66573771
75,750,183.2874855,55.86602558
76,760,184.0224653,56.09004741
77,770,184.8732746,56.34937408
78,780,200.2245879,61.02845439
79,790,186.6595885,56.89384256
80,800,187.5187474,57.15571419
81,810,188.2062548,57.36526646
82,820,189.0438842,57.62057592
83,830,189.7729338,57.84279022
84,840,199.8227447,60.90597258
85,850,191.4127628,58.3426101
86,860,191.9737859,58.51360994
87,870,192.7558027,58.75196865
88,880,193.4750108,58.97118331
89,890,213.4853773,65.070343
90,900,195.00648,59.43797512
91,910,195.7680716,59.67010823
92,920,196.4766354,59.88607846
93,930,197.1933257,60.10452567
94,940,197.9842153,60.34558881
95,950,198.7357117,60.57464492
96,960,199.4609547,60.795699
97,970,224.7549234,68.50530065
98,980,200.9872817,61.26092346
99,990,201.6980774,61.477574
100,1000,201.8065488,61.51063608
101,1010,201.6731821,61.46998589
102,1020,201.5669598,61.43760934
103,1030,201.3936576,61.38478684
104,1040,201.2403752,61.33806637
105,1050,201.1225705,61.30215948
106,1060,200.9158625,61.23915488
107,1070,200.8316822,61.21349673
108,1080,201.0748856,61.28762513
109,1090,211.1711933,64.36497971
110,1100,199.5829991,60.83289813
111,1110,197.4182816,60.17309223
112,1120,195.1795589,59.49072957
113,1130,193.0953928,58.85547574
114,1140,191.0219734,58.22349751
115,1150,189.9063121,57.88344392
116,1160,186.8680234,56.95737354
117,1170,185.1352944,56.42923773
118,1180,183.5789038,55.95484988
119,1190,181.1610673,55.21789331
120,1200,178.5660232,54.42692386
121,1210,176.0444176,53.65833849
122,1220,173.7359169,52.95470747
123,1230,173.2832693,52.81674047
124,1240,169.4153637,51.63780286
125,1250,167.8904966,51.17302337
126,1260,166.5531547,50.76540156
127,1270,165.0165346,50.29703974
128,1280,163.4064156,49.80627548
129,1290,161.4143315,49.19908825
130,1300,159.4606547,48.60360754
131,1310,157.5072932,48.00822296
132,1320,155.4368909,47.37716435
133,1330,153.3613953,46.74455328
134,1340,151.3049047,46.11773495
135,1350,149.7600674,45.64686855
136,1360,148.4043116,45.23363419
137,1370,145.7987519,44.43945957
138,1380,142.9730172,43.57817565
139,1390,140.144745,42.71611827
140,1400,137.2302728,41.82778716
141,1410,134.2806549,40.9287436
142,1420,131.4866815,40.07714054
143,1430,128.5176309,39.17217391
144,1440,126.556271,38.5743514
145,1450,125.6642296,38.30245717
146,1460,121.3372527,36.98359461
147,1470,117.408632,35.78615104
148,1480,113.3294488,34.542816
149,1490,109.2290375,33.29301064
150,1500,105.2095482,32.06787029
151,1510,101.2540365,30.86223032
152,1520,97.30073043,29.65726264
153,1530,93.22463209,28.41486786
154,1540,89.1990543,27.18787175
155,1550,85.10133214,25.93888604
156,1560,81.11754365,24.7246273
157,1570,77.00419821,23.47087961
158,1580,72.85949815,22.20757504
159,1590,70.22604411,21.40489825
160,1600,68.81263875,20.97409229
161,1610,67.47803821,20.56730605
162,1620,66.18453459,20.17304614
163,1630,65.30263395,19.90424283
164,1640,64.4835659,19.65459089
165,1650,63.26366705,19.28276572
166,1660,61.57292573,18.76742776
167,1670,59.03067634,17.99255015
168,1680,56.39297336,17.18857828
169,1690,53.68889126,16.36437406
170,1700,51.08753324,15.57148013
171,1710,48.55647225,14.80001274
172,1720,45.7582365,13.94711049
173,1730,44.24779721,13.48672859
174,1740,41.77751995,12.73378808
175,1750,40.92642157,12.4743733
176,1760,40.13884504,12.23431997
177,1770,40.17013998,12.24385867
178,1780,40.03265388,12.2019529
179,1790,43.42488107,13.23590375
180,1800,39.23003075,11.95731337
181,1810,41.00172323,12.49732524
182,1820,38.63775309,11.77678714
183,1830,38.08153048,11.60725049
184,1840,37.92692155,11.56012569
185,1850,38.03364256,11.59265425
186,1860,38.64250889,11.77823671
187,1870,38.6468821,11.77956966
188,1880,40.45096513,12.32945417
189,1890,39.10515587,11.91925151
190,1900,39.68501206,12.09599168
191,1910,39.60355292,12.07116293
192,1920,57.65778417,17.57409262
193,1930,48.38125037,14.74660511
194,1940,50.98022673,15.53877311
195,1950,78.73506484,23.99844776
196,1960,43.81409432,13.35453595
197,1970,41.06443077,12.5164385
198,1980,41.2814064,12.58257267
199,1990,41.94817544,12.78580387
200,2000,41.62504474,12.68731364
201,2010,44.49371909,13.56168558
202,2020,41.98918875,12.79830473
203,2030,51.61014801,15.73077311
204,2040,45.86738901,13.98038017
205,2050,42.51478474,12.95850639
206,2060,42.68481712,13.01033226
207,2070,46.89867579,14.29471638
208,2080,43.13472721,13.14746485
209,2090,43.40255967,13.22910019
210,2100,44.28909396,13.49931584
211,2110,43.92548281,13.38848716
212,2120,44.13782104,13.45320785
213,2130,44.17627139,13.46492752
214,2140,61.5122025,18.74891932
215,2150,44.50683947,13.56568467
216,2160,44.77214921,13.64655108
217,2170,45.03310035,13.72608899
218,2180,45.28099433,13.80164707
219,2190,65.85112699,20.07142351
220,2200,45.83364359,13.97009457
221,2210,46.22183457,14.08841518
222,2220,46.43830694,14.15439595
223,2230,46.72768621,14.24259876
224,2240,46.98986426,14.32251063
225,2250,47.25182204,14.40235536
226,2260,50.19778161,15.30028384
227,2270,48.15525303,14.67772112
228,2280,48.13360897,14.67112402
229,2290,48.51591473,14.78765081
230,2300,48.80792096,14.87665431
231,2310,49.03268221,14.94516154
232,2320,49.25574835,15.0131521
233,2330,49.49788013,15.08695386
234,2340,49.62172267,15.12470107
235,2350,53.46088926,16.29487905
236,2360,52.89116201,16.12122618
237,2370,49.93816369,15.22115229
238,2380,50.0874879,15.26666631
239,2390,72.18485958,22.0019452
240,2400,49.94200739,15.22232385
241,2410,49.88639671,15.20537372
242,2420,49.77404892,15.17113011
243,2430,49.60752046,15.12037224
244,2440,49.46667862,15.07744364
245,2450,49.20960992,14.9990891
246,2460,48.78306258,14.86907747
247,2470,48.48826107,14.77922197
248,2480,51.68838514,15.75461979
249,2490,47.85636197,14.58661913
250,2500,47.72272824,14.54588757
251,2510,47.6339606,14.51883119
252,2520,47.17745632,14.37968869
253,2530,46.78793747,14.26096334
254,2540,46.34307019,14.12536779
255,2550,45.95331014,14.00656893
256,2560,45.65719666,13.91631354
257,2570,45.34709173,13.82179356
258,2580,62.48752407,19.04619734
259,2590,55.11080022,16.79777191
260,2600,44.36214271,13.5215811
261,2610,46.51645088,14.17821423
262,2620,43.72762183,13.32817913
263,2630,43.48883219,13.25539605
264,2640,42.89043899,13.0730058
265,2650,42.2572344,12.88000504
266,2660,41.72562407,12.71797022
267,2670,41.48663688,12.64512692
268,2680,41.39887867,12.61837822
269,2690,41.21146885,12.56125571
270,2700,40.92383562,12.4735851
271,2710,40.5292892,12.35332735
272,2720,40.20071498,12.25317793
273,2730,40.05283176,12.20810312
274,2740,54.92826671,16.74213569
275,2750,40.91275107,12.47020653
276,2760,45.99740974,14.02001049
277,2770,50.75921791,15.47140962
278,2780,51.92574522,15.82696714
279,2790,41.26349446,12.57711311
280,2800,41.5052127,12.65078883
281,2810,41.73909089,12.7220749
282,2820,43.00153196,13.10686694
283,2830,42.18154242,12.85693413
284,2840,42.39409702,12.92172077
285,2850,42.52975411,12.96306905
286,2860,42.7070127,13.01709747
287,2870,42.86314767,13.06468741
288,2880,43.08665986,13.13281393
289,2890,43.29376201,13.19593866
290,2900,43.58846288,13.28576349
291,2910,43.73634449,13.3308378
292,2920,43.94817959,13.39540514
293,2930,44.12095816,13.44806805
294,2940,44.34111487,13.51517181
295,2950,44.52209307,13.57033397
296,2960,44.72679037,13.63272571
297,2970,44.90278581,13.68636911
298,2980,45.19275136,13.77475061
299,2990,45.28404974,13.80257836
300,3000,45.52656799,13.87649792
301,3010,45.67037586,13.92033056
302,3020,45.90329015,13.99132284
303,3030,46.1199321,14.0573553
304,3040,46.68452593,14.2294435
305,3050,46.2938489,14.11036514
306,3060,46.15688063,14.06861722
307,3070,46.0414123,14.03342247
308,3080,46.04552267,14.03467531
309,3090,46.00964597,14.02374009
310,3100,45.98712327,14.01687517
311,3110,53.51890599,16.31256255
312,3120,47.21377917,14.39075989
313,3130,45.6077319,13.90123668
314,3140,45.41608389,13.84282237
315,3150,82.98604675,25.29414705
316,3160,51.37913207,15.66035945
317,3170,45.17228849,13.76851353
318,3180,51.85240646,15.80461349
319,3190,45.17549328,13.76949035
320,3200,47.3761387,14.44024707
321,3210,44.71441282,13.62895303
322,3220,44.48959404,13.56042826
323,3230,44.75885513,13.64249904
324,3240,72.14727185,21.99048846
325,3250,43.95600035,13.39778891
326,3260,43.80744314,13.35250867
327,3270,46.67946714,14.22790158
328,3280,43.61614286,13.29420034
329,3290,43.49741486,13.25801205
330,3300,43.48703194,13.25484734
331,3310,43.34520005,13.21161698
332,3320,44.63593303,13.60503239
333,3330,43.04426677,13.11989251
334,3340,44.95154525,13.70123099
335,3350,42.76512937,13.03481143
336,3360,42.55701301,12.97137756
337,3370,42.59718508,12.98362201
338,3380,51.25256098,15.62178059
339,3390,42.3197334,12.89905474
340,3400,42.75236151,13.03091979
341,3410,42.67853387,13.00841712
342,3420,42.80977084,13.04841815
343,3430,42.89617659,13.07475463
344,3440,43.03099685,13.11584784
345,3450,56.06210753,17.08773038
346,3460,43.34426565,13.21133217
347,3470,43.47473789,13.25110011
348,3480,43.60238181,13.29000597
349,3490,43.75371394,13.33613201
350,3500,43.93001808,13.38986951
351,3510,44.12361556,13.44887802
352,3520,46.62164571,14.21027761
353,3530,44.31479865,13.50715063
354,3540,44.74264226,13.63755736
355,3550,44.67126761,13.61580237
356,3560,44.83061674,13.66437198
357,3570,45.00328957,13.71700266
358,3580,46.02463616,14.0283091
359,3590,45.28197273,13.80194529
360,3600,45.45760795,13.8554789
361,3610,45.63526204,13.90962787
362,3620,45.77839424,13.95325456
363,3630,46.01594452,14.02565989
364,3640,48.26667209,14.71168165
365,3650,46.22659246,14.08986538
366,3660,49.92409677,15.21686469
367,3670,46.53291167,14.18323148
368,3680,46.67135856,14.22543009
369,3690,46.78728157,14.26076342
370,3700,46.97891826,14.31917429
371,3710,47.16249935,14.3751298
372,3720,47.37409572,14.43962438
373,3730,47.50627016,14.47991114
374,3740,47.66421975,14.52805418
375,3750,47.76902519,14.55999888
376,3760,47.94972486,14.61507614
377,3770,48.09197951,14.65843536
378,3780,48.2716872,14.71321026
379,3790,48.38601114,14.74805619
380,3800,48.59896554,14.8129647
381,3810,48.81786493,14.87968523
382,3820,48.9144968,14.90913862
383,3830,49.07859158,14.95915471
384,3840,49.26587106,15.0162375
385,3850,49.41438668,15.06150506
386,3860,49.55405558,15.10407614
387,3870,49.72916587,15.15744976
388,3880,49.92935459,15.21846728
389,3890,52.3195796,15.94700786
390,3900,50.49764546,15.39168234
391,3910,51.03216893,15.55460509
392,3920,51.60541515,15.72933054
393,3930,52.1397952,15.89220958
394,3940,52.76396444,16.08245636
395,3950,53.29774062,16.24515134
396,3960,53.87999451,16.42262233
397,3970,54.38885562,16.57772319
398,3980,54.90826922,16.73604046
399,3990,55.45204694,16.90178391
400,4000,56.89462901,17.34148292
401,4010,56.65620196,17.26881036
402,4020,57.2994632,17.46487638
403,4030,57.96527797,17.66781672
404,4040,58.56290155,17.84997239
405,4050,59.12819321,18.02227329
406,4060,59.70257633,18.19734527
407,4070,60.32090939,18.38581318
408,4080,60.82168246,18.53844881
409,4090,61.34616502,18.6983111
410,4100,61.93092632,18.87654634
411,4110,62.59650143,19.07941364
412,4120,63.28099519,19.28804733
413,4130,63.73189766,19.42548241
414,4140,64.22196979,19.57485639
415,4150,64.82735809,19.75937875
416,4160,65.47908698,19.95802571
417,4170,66.16303896,20.16649428
418,4180,67.36511202,20.53288614
419,4190,67.26530206,20.50246407
420,4200,67.74485163,20.64863078
421,4210,73.80689062,22.49634026
422,4220,73.20709498,22.31352255
423,4230,72.07235264,21.96765309
424,4240,79.3173484,24.17592779
425,4250,76.05038235,23.18015654
426,4260,71.19147677,21.69916212
427,4270,80.42458252,24.51341275
428,4280,72.54044451,22.11032749
429,4290,73.03370546,22.26067342
430,4300,73.64774157,22.44783163
431,4310,74.27702889,22.63963841
432,4320,74.8067348,22.80109277
433,4330,75.37402155,22.97400177
434,4340,79.25504732,24.15693842
435,4350,79.72983788,24.30165459
436,4360,77.11817774,23.50562058
437,4370,82.45597411,25.13258091
438,4380,78.3209312,23.87221983
439,4390,78.86785389,24.03892186
440,4400,79.43628408,24.21217939
441,4410,80.02785229,24.39248938
442,4420,80.64047749,24.57921754
443,4430,81.23953002,24.76180875
444,4440,81.87524845,24.95557573
445,4450,82.54537983,25.15983177
446,4460,85.35944385,26.01755849
447,4470,83.70420971,25.51304312
448,4480,84.52826408,25.76421489
449,4490,84.85890102,25.86499303
450,4500,85.43946925,26.04195023
451,4510,88.60554878,27.00697127
452,4520,86.44008685,26.34693847
453,4530,86.93482289,26.49773402
454,4540,87.46192952,26.65839612
455,4550,88.20061055,26.88354609
456,4560,88.74748315,27.05023286
457,4570,114.3684827,34.85951352
458,4580,89.65896404,27.32805224
459,4590,95.30009343,29.04746848
460,4600,90.85633796,27.69301181
461,4610,94.35856223,28.76048977
462,4620,92.13097235,28.08152037
463,4630,92.69066933,28.25211601
464,4640,93.25591282,28.42440223
465,4650,93.90228132,28.62141535
466,4660,94.53175263,28.8132782
467,4670,95.07460897,28.97874081
468,4680,95.67244667,29.16096174
469,4690,96.47009216,29.40408409
470,4700,96.91592298,29.53997332
471,4710,97.57678648,29.74140452
472,4720,98.16981152,29.92215855
473,4730,100.9634697,30.77366556
474,4740,100.5732196,30.65471735
475,4750,99.88937218,30.44628064
476,4760,100.4532288,30.61814415
477,4770,100.9831114,30.77965236
478,4780,103.2536086,31.47169991
479,4790,102.1696041,31.14129534
480,4800,102.6942123,31.30119592
481,4810,103.2894406,31.4826215
482,4820,114.5937302,34.92816897
483,4830,104.4614071,31.83983689
484,4840,105.038226,32.01565129
485,4850,105.6221947,32.19364493
486,4860,106.1101781,32.34238229
487,4870,109.3432447,33.32782099
488,4880,108.6676596,33.12190265
489,4890,107.6646622,32.81618903
490,4900,108.2670286,32.99979032
491,4910,109.8293143,33.47597501
492,4920,109.3672959,33.33515178
493,4930,110.0361073,33.5390055
494,4940,110.6426907,33.72389213
495,4950,111.2299419,33.90288629
496,4960,111.6657243,34.03571278
497,4970,112.1909362,34.19579734
498,4980,112.7723344,34.37300754
499,4990,113.325566,34.54163251
500,5000,113.9165237,34.72175641
501,5010,114.4224134,34.8759516
502,5020,115.1056309,35.08419631
503,5030,115.6713594,35.25663035
504,5040,116.257623,35.43532348
505,5050,116.8067138,35.60268638
506,5060,117.4304671,35.79280639
507,5070,118.0273322,35.97473085
508,5080,118.5740532,36.14137141
509,5090,119.1113153,36.30512891
510,5100,119.8737048,36.53750523
511,5110,120.4036282,36.69902587
512,5120,120.9831681,36.87566962
513,5130,121.5547545,37.04988917
514,5140,122.2203981,37.25277735
515,5150,122.9200881,37.46604286
516,5160,127.7108634,38.92627116
517,5170,124.1089517,37.82840849
518,5180,124.72508,38.0162044
519,5190,125.2811963,38.18570864
520,5200,125.8538877,38.36026498
521,5210,126.6265288,38.59576598
522,5220,127.7540597,38.93943739
523,5230,129.5721355,39.49358689
524,5240,129.882356,39.58814211
525,5250,130.9197971,39.90435415
526,5260,132.6508385,40.43197556
527,5270,133.0839755,40.56399573
528,5280,135.2363436,41.22003754
529,5290,135.3584423,41.25725321
530,5300,136.7629481,41.68534659
531,5310,137.9783614,42.05580455
532,5320,146.294911,44.59068887
533,5330,140.9113766,42.94978758
534,5340,141.0012136,42.97716991
535,5350,145.4740796,44.34049947
536,5360,142.8801302,43.54986367
537,5370,145.1219357,44.233166
538,5380,175.2755322,53.42398221
539,5390,150.6096419,45.90581884
540,5400,146.0388081,44.51262871
541,5410,146.9593726,44.79321677
542,5420,148.0317666,45.12008247
543,5430,150.0757639,45.74309284
544,5440,149.987316,45.71613393
545,5450,150.8716707,45.98568522
546,5460,151.8640279,46.2881557
547,5470,152.9301582,46.61311223
548,5480,154.5780022,47.11537507
549,5490,154.8696463,47.20426818
550,5500,155.8218197,47.49449064
551,5510,156.9012587,47.82350366
552,5520,157.7536628,48.08331642
553,5530,158.8031282,48.40319348
554,5540,159.8463734,48.72117462
555,5550,160.7994222,49.0116639
556,5560,161.8572387,49.33408635
557,5570,173.6127046,52.91715235
558,5580,163.9031059,49.95766667
559,5590,164.9825835,50.28669146
560,5600,166.0273261,50.605129
561,5610,167.0471275,50.91596445
562,5620,169.0179249,51.51666352
563,5630,168.9617861,51.4995524
564,5640,170.1086477,51.84911583
565,5650,171.0951307,52.14979585
566,5660,171.0802585,52.14526279
567,5670,171.8215989,52.37122336
568,5680,180.7263153,55.0853809
569,5690,173.341092,52.83436483
570,5700,173.977045,53.02820333
571,5710,174.5347161,53.19818146
572,5720,178.0875778,54.28109371
573,5730,177.5658754,54.12207881
574,5740,175.9845581,53.6400933
575,5750,176.4108167,53.77001694
576,5760,176.9539763,53.93557197
577,5770,206.8281469,63.04121917
578,5780,201.2394949,61.33779804
579,5790,178.4417664,54.3890504
580,5800,178.3962344,54.37517226
581,5810,198.1289047,60.38969015
582,5820,178.9847368,54.55454777
583,5830,184.1746955,56.1364472
584,5840,185.659943,56.58915064
585,5850,186.082332,56.7178948
586,5860,185.9186195,56.66799522
587,5870,180.2390031,54.93684816
588,5880,180.4589075,55.00387502
589,5890,180.6239413,55.05417731
590,5900,180.8362766,55.1188971
591,5910,181.0342663,55.17924436
592,5920,238.5304072,72.70406811
593,5930,224.6979598,68.48793815
594,5940,182.015816,55.47842071
595,5950,181.6817654,55.3766021
596,5960,182.2132032,55.53858432
597,5970,181.5648071,55.34095321
598,5980,220.8883443,67.32676734
599,5990,198.8291055,60.60311135
600,6000,229.1827158,69.85489178
601,6010,216.9303574,66.12037295
602,6020,194.0907614,59.15886407
603,6030,193.3174652,58.9231634
604,6040,220.9765424,67.35365014
605,6050,201.7897392,61.50551251
606,6060,179.589663,54.73892929
607,6070,182.2613195,55.55325017
608,6080,183.303762,55.87098666
609,6090,177.3503747,54.05639422
610,6100,176.4295877,53.77573834
611,6110,187.352754,57.10511942
612,6120,174.7084436,53.2511336
613,6130,173.7684383,52.96462
614,6140,172.7765426,52.66229019
615,6150,201.172005,61.31722712
616,6160,218.8561816,66.70736416
617,6170,174.8223918,53.28586503
618,6180,168.6401985,51.40153249
619,6190,167.5028346,51.05486399
620,6200,166.4358934,50.72966031
621,6210,165.3189033,50.38920172
622,6220,164.1720531,50.03964178
623,6230,162.9070816,49.65407848
624,6240,161.6499111,49.27089291
625,6250,160.3549049,48.87617501
626,6260,169.2434352,51.58539906
627,6270,173.0440529,52.74382732
628,6280,156.6745458,47.75440157
629,6290,156.6440572,47.74510863
630,6300,154.2750909,47.02304771
631,6310,153.0588571,46.65233963
632,6320,172.2681339,52.50732722
633,6330,192.5877391,58.70074289
634,6340,174.8620876,53.29796429
635,6350,165.6168949,50.48002958
636,6360,150.1623804,45.76949354
637,6370,171.1732236,52.17359856
638,6380,145.1027744,44.22732565
639,6390,154.4015815,47.06160205
640,6400,151.8028871,46.26951999
641,6410,141.432849,43.10873237
642,6420,140.290587,42.76057091
643,6430,139.170054,42.41903247
644,6440,138.0049559,42.06391056
645,6450,136.8698385,41.71792677
646,6460,135.7172366,41.36661372
647,6470,134.655003,41.04284492
648,6480,133.3731629,40.65214006
649,6490,132.2469517,40.30887087
650,6500,131.0879946,39.95562075
651,6510,146.518594,44.65886744
652,6520,128.6503263,39.21261944
653,6530,127.4633985,38.85084385
654,6540,126.2320265,38.47552168
655,6550,125.0514445,38.1156803
656,6560,123.8450959,37.74798524
657,6570,136.2607266,41.53226948
658,6580,121.5382912,37.04487115
659,6590,120.4737673,36.72040428
660,6600,119.3659772,36.38274985
661,6610,118.6194614,36.15521183
662,6620,118.0966747,35.99586646
663,6630,117.9591606,35.95395215
664,6640,120.2344532,36.64746133
665,6650,117.3342809,35.76348882
666,6660,117.1809924,35.71676647
667,6670,117.017699,35.66699465
668,6680,125.4435635,38.23519815
669,6690,117.0224748,35.66845031
670,6700,116.7521782,35.5860639
671,6710,116.6502324,35.55499083
672,6720,116.5706426,35.53073185
673,6730,116.4129108,35.48265522
674,6740,116.2420845,35.43058734
675,6750,116.0397475,35.36891505
676,6760,115.903214,35.32729963
677,6770,115.8099469,35.29887183
678,6780,115.6346079,35.24542848
679,6790,115.5312541,35.21392625
680,6800,115.3232181,35.15051688
681,6810,115.2958316,35.14216948
682,6820,114.8059653,34.99285824
683,6830,116.7924569,35.59834086
684,6840,114.5392664,34.91156841
685,6850,114.312539,34.84246189
686,6860,114.2800255,34.83255176
687,6870,114.1328084,34.78767999
688,6880,113.9775452,34.74035578
689,6890,113.9370765,34.72802092
690,6900,113.9471706,34.73109761
691,6910,116.3449861,35.46195175
692,6920,113.44237,34.57723438
693,6930,113.3059238,34.53564559
694,6940,113.2748443,34.52617256
695,6950,111.9987167,34.13720885
696,6960,111.1482665,33.87799162
697,6970,110.4939555,33.67855765
698,6980,109.4910198,33.37286283
699,6990,108.7116438,33.13530903
700,7000,108.2430258,32.99247426
701,7010,106.9621115,32.60205158
702,7020,109.3239603,33.32194311
703,7030,105.7085994,32.21998111
704,7040,104.2229076,31.76714225
705,7050,103.777361,31.63133962
706,7060,101.5262397,30.94519785
707,7070,100.4121969,30.60563763
708,7080,98.89982059,30.14466532
709,7090,98.72134419,30.09026571
710,7100,96.21343897,29.3258562
711,7110,95.0001622,28.95604944
712,7120,93.8640995,28.60977753
713,7130,92.97414332,28.33851889
714,7140,92.69572389,28.25365664
715,7150,90.08495678,27.45789483
716,7160,88.73550566,27.04658213
717,7170,87.39936802,26.63932737
718,7180,86.08593284,26.23899233
719,7190,84.84032864,25.85933217
720,7200,86.47248997,26.35681494
721,7210,82.10711159,25.02624761
722,7220,80.70443977,24.59871324
723,7230,79.46486813,24.22089181
724,7240,78.23814234,23.84698579
725,7250,76.9490592,23.45407325
726,7260,75.834318,23.11430013
727,7270,74.64925389,22.75309259
728,7280,121.4131615,37.00673163
729,7290,72.6453976,22.14231719
730,7300,71.65929181,21.84175214
731,7310,70.79040442,21.57691527
732,7320,70.02225936,21.34278465
733,7330,69.81697342,21.2802135
734,7340,68.5206233,20.88508598
735,7350,67.45793409,20.56117831
736,7360,66.4521309,20.2546095
737,7370,68.6926058,20.93750625
738,7380,64.6571137,19.70748825
739,7390,63.66443429,19.40491957
740,7400,62.69563812,19.1096305
741,7410,65.42916209,19.94280861
742,7420,64.91218664,19.78523449
743,7430,59.73652135,18.20769171
744,7440,61.54665772,18.75942127
745,7450,57.67142805,17.57825127
746,7460,67.33333518,20.52320056
747,7470,55.61666106,16.95195829
748,7480,54.67060758,16.66360119
749,7490,56.99285057,17.37142085
750,7500,52.73873522,16.0747665
751,7510,52.20052104,15.91071881
752,7520,68.21354222,20.79148767
753,7530,54.05981123,16.47743046
754,7540,55.86619939,17.02801757
755,7550,66.34168587,20.22094585
756,7560,71.23574335,21.71265457
757,7570,51.38243867,15.66136731
758,7580,76.28244423,23.250889
759,7590,81.6754167,24.89466701
760,7600,53.73210519,16.37754566
761,7610,50.34034708,15.34373779
762,7620,51.92442532,15.82656484
763,7630,66.30974008,20.21120878
764,7640,50.99085758,15.54201339
765,7650,59.89385359,18.25564657
766,7660,49.32947386,15.03562363
767,7670,55.76280948,16.99650433
768,7680,53.86224512,16.41721231
769,7690,53.94266156,16.44172324
770,7700,51.54276286,15.71023412
771,7710,48.98903696,14.93185847
772,7720,48.14963691,14.67600933
773,7730,48.04223936,14.64327456
774,7740,47.92857659,14.60863015
775,7750,47.63957968,14.52054389
776,7760,47.86294157,14.58862459
777,7770,58.2173512,17.74464865
778,7780,50.72441481,15.46080163
779,7790,88.62089602,27.01164911
780,7800,59.79546726,18.22565842
781,7810,77.71047981,23.68615425
782,7820,46.21437723,14.08614218
783,7830,46.09830846,14.05076442
784,7840,45.97751541,14.0139467
785,7850,45.70681774,13.93143805
786,7860,65.24460737,19.88655633
787,7870,63.45111069,19.33989854
788,7880,49.82695235,15.18725508
789,7890,44.99573741,13.71470076
790,7900,87.36018092,26.62738314
791,7910,45.13753862,13.75792177
792,7920,54.17388845,16.5122012
793,7930,76.95964037,23.45729838
794,7940,83.20228598,25.36005677
795,7950,80.74400211,24.61077184
796,7960,94.1978479,28.71150404
797,7970,54.38087482,16.57529065
798,7980,46.18890703,14.07837886
799,7990,46.521832,14.17985439
800,8000,80.85821339,24.64558344
801,8010,88.21735722,26.88865048
802,8020,58.04730769,17.69281938
803,8030,65.33881426,19.91527059
804,8040,53.06597623,16.17450955
805,8050,62.99098327,19.1996517
806,8060,47.38976144,14.44439929
807,8070,75.87511775,23.12673589
808,8080,81.20146969,24.75020796
809,8090,89.30630335,27.22056126
810,8100,115.3327037,35.15340808
811,8110,100.9069819,30.75644808
812,8120,97.47808858,29.7113214
813,8130,102.234628,31.16111462
814,8140,99.86504292,30.43886508
815,8150,46.97393462,14.31765527
816,8160,47.52279307,14.48494733
817,8170,67.08821313,20.44848736
818,8180,68.12609112,20.76483257
819,8190,96.2051414,29.3233271
820,8200,47.5320878,14.48778036
821,8210,47.65719962,14.52591444
822,8220,47.7409962,14.55145564
823,8230,49.25048455,15.01154769
824,8240,47.82743517,14.57780224
825,8250,83.11504334,25.33346521
826,8260,48.18667309,14.68729796
827,8270,54.32834308,16.55927897
828,8280,74.29970129,22.64654895
829,8290,48.3705023,14.7433291
830,8300,50.43702705,15.37320584
831,8310,48.2844322,14.71709493
832,8320,48.36654412,14.74212265
833,8330,49.99256836,15.23773484
834,8340,48.562394,14.80181769
835,8350,48.68158879,14.83814826
836,8360,48.88504163,14.90016069
837,8370,48.88401143,14.89984668
838,8380,49.2064616,14.99812949
839,8390,49.07905477,14.95929589
840,8400,49.11715489,14.97090881
841,8410,49.19997074,14.99615108
842,8420,51.19470591,15.60414636
843,8430,50.48103547,15.38661961
844,8440,49.47483066,15.07992838
845,8450,49.51614162,15.09251996
846,8460,71.09258375,21.66901953
847,8470,71.44535086,21.77654294
848,8480,49.84212204,15.1918788
849,8490,54.627277,16.65039403
850,8500,64.75027002,19.7358823
851,8510,51.13676725,15.58648666
852,8520,64.65161916,19.70581352
853,8530,50.25269296,15.31702081
854,8540,50.29249421,15.32915224
855,8550,50.39570642,15.36061132
856,8560,50.500942,15.39268712
857,8570,84.78443801,25.84229671
858,8580,72.42046912,22.07375899
859,8590,90.16791871,27.48318162
860,8600,68.41567005,20.85309623
861,8610,51.0448532,15.55847126
862,8620,59.05016854,17.99849137
863,8630,52.52999514,16.01114252
864,8640,51.23482968,15.61637609
865,8650,51.56709774,15.71765139
866,8660,61.90439555,18.86845976
867,8670,51.58898542,15.72432275
868,8680,73.91796584,22.53019599
869,8690,58.18606965,17.73511403
870,8700,65.77359844,20.0477928
871,8710,54.45783492,16.59874808
872,8720,51.95888835,15.83706917
873,8730,52.02849684,15.85828584
874,8740,58.90945214,17.95560101
875,8750,55.39099351,16.88317482
876,8760,52.32233829,15.94784871
877,8770,52.37302408,15.96329774
878,8780,63.08709133,19.22894544
879,8790,79.15928099,24.12774885
880,8800,92.0955137,28.07071258
881,8810,52.49398315,16.00016606
882,8820,52.20905254,15.91331921
883,8830,52.07330262,15.87194264
884,8840,52.04802347,15.86423755
885,8850,51.95348193,15.83542129
886,8860,51.90557116,15.82081809
887,8870,51.89228101,15.81676725
888,8880,51.78074174,15.78277008
889,8890,51.67268295,15.74983376
890,8900,85.73245873,26.13125342
891,8910,51.58533124,15.72320896
892,8920,62.35375494,19.00542451
893,8930,51.47415345,15.68932197
894,8940,51.73307355,15.76824082
895,8950,52.29254856,15.9387688
896,8960,51.28041345,15.63027002
897,8970,51.39948647,15.66656347
898,8980,51.14625299,15.58937791
899,8990,92.36891543,28.15404542
900,9000,89.33808158,27.23024727
901,9010,81.20391004,24.75095178
902,9020,50.85580661,15.50084986
903,9030,50.87001994,15.50518208
904,9040,57.71531243,17.59162723
905,9050,97.57960815,29.74226456
906,9060,94.33826706,28.7543038
907,9070,51.47339742,15.68909153
908,9080,55.36758813,16.87604086
909,9090,52.42402309,15.97884224
910,9100,51.32192237,15.64292194
911,9110,51.51253588,15.70102094
912,9120,53.40913133,16.27910323
913,9130,51.6855072,15.75374259
914,9140,51.74821289,15.77285529
915,9150,53.90758111,16.43103072
916,9160,52.19697946,15.90963934
917,9170,55.98881005,17.0653893
918,9180,52.0553472,15.86646983
919,9190,63.61785925,19.3907235
920,9200,52.09388934,15.87821747
921,9210,54.15121837,16.50529136
922,9220,54.74135486,16.68516496
923,9230,56.91007085,17.34618959
924,9240,53.35079283,16.26132165
925,9250,52.79709792,16.09255544
926,9260,52.40537306,15.97315771
927,9270,52.38563699,15.96714215
928,9280,54.59297318,16.63993822
929,9290,52.30966318,15.94398534
930,9300,52.37156187,15.96285206
931,9310,52.30974124,15.94400913
932,9320,54.33985286,16.56278715
933,9330,54.72197327,16.67925745
934,9340,52.51860911,16.00767206
935,9350,54.28404887,16.5457781
936,9360,52.76343006,16.08229348
937,9370,59.04703172,17.99753527
938,9380,53.14519605,16.19865575
939,9390,53.28308005,16.2406828
940,9400,53.42491656,16.28391457
941,9410,54.12022678,16.49584512
942,9420,53.64046977,16.34961519
943,9430,55.41500363,16.89049311
944,9440,56.57101489,17.24284534
945,9450,54.70147279,16.67300891
946,9460,60.55535948,18.45727357
947,9470,54.53511451,16.6223029
948,9480,55.49614552,16.91522516
949,9490,56.64903082,17.2666246
950,9500,56.98901242,17.37025099
951,9510,54.89296451,16.73137558
952,9520,55.56338437,16.93571956
953,9530,55.18633252,16.82079415
954,9540,55.10003129,16.79448954
955,9550,55.15656363,16.81172059
956,9560,58.24582835,17.75332848
957,9570,55.41664958,16.89099479
958,9580,55.49978566,16.91633467
959,9590,58.58131416,17.85558456
960,9600,55.59697536,16.94595809
961,9610,83.57451428,25.47351195
962,9620,55.81156542,17.01136514
963,9630,55.89089978,17.03554625
964,9640,56.08808507,17.09564833
965,9650,57.43192271,17.50525004
966,9660,56.15297235,17.11542597
967,9670,56.18465712,17.12508349
968,9680,56.29529518,17.15880597
969,9690,61.59338553,18.77366391
970,9700,56.65538243,17.26856057
971,9710,58.25693875,17.75671493
972,9720,56.99066459,17.37075457
973,9730,56.79853594,17.31219375
974,9740,80.52119318,24.54285968
975,9750,60.21803974,18.35445851
976,9760,57.25844557,17.45237421
977,9770,57.27878334,17.45857316
978,9780,57.38135703,17.48983762
979,9790,61.07956127,18.61705028
980,9800,62.36682568,19.00940847
981,9810,57.57181003,17.5478877
982,9820,57.7095119,17.58985923
983,9830,57.83098683,17.62688478
984,9840,57.92649871,17.65599681
985,9850,58.04379078,17.69174743
986,9860,58.1159251,17.71373397
987,9870,58.22259532,17.74624705
988,9880,58.29928068,17.76962075
989,9890,58.34495139,17.78354118
990,9900,58.50597503,17.83262119
991,9910,58.90155029,17.95319253
992,9920,61.66072421,18.79418874
993,9930,99.68379081,30.38361944
994,9940,109.3059168,33.31644345
995,9950,59.09977952,18.0136128
996,9960,59.22426448,18.05155581
997,9970,59.36233782,18.09364057
998,9980,63.51095355,19.35813864
999,9990,90.91036914,27.70948051
1000,10000,67.27993423,20.50692395
1001,10010,59.80227083,18.22773215
1002,10020,59.87213712,18.24902739
1003,10030,60.01265856,18.29185833
1004,10040,64.22219668,19.57492555
1005,10050,60.32606608,18.38738494
1006,10060,79.6869892,24.28859431
1007,10070,61.05718263,18.61022927
1008,10080,60.95081892,18.57780961
1009,10090,61.08965314,18.62012628
1010,10100,61.31556828,18.68898521
1011,10110,64.31461141,19.60309356
1012,10120,61.71537939,18.81084764
1013,10130,61.83097295,18.84608056
1014,10140,62.25073049,18.97402265
1015,10150,62.24438253,18.97208779
1016,10160,62.3290942,18.99790791
1017,10170,63.2540676,19.2798398
1018,10180,66.27917458,20.20189241
1019,10190,65.54988582,19.9796052
1020,10200,63.48384387,19.34987561
1021,10210,63.15702623,19.25026159
1022,10220,65.64980798,20.01006147
1023,10230,64.1919083,19.56569365
1024,10240,65.08372128,19.83751825
1025,10250,63.75349409,19.432065
1026,10260,64.12797952,19.54620816
1027,10270,64.21391512,19.57240133
1028,10280,64.31176313,19.6022254
1029,10290,64.56577938,19.67964956
1030,10300,64.75293322,19.73669405
1031,10310,64.95030012,19.79685148
1032,10320,65.25720814,19.89039704
1033,10330,65.44777182,19.94848085
1034,10340,67.6876886,20.63120748
1035,10350,65.71969845,20.03136409
1036,10360,65.89388765,20.08445695
1037,10370,66.094266,20.14553228
1038,10380,66.27859229,20.20171493
1039,10390,66.4611438,20.25735663
1040,10400,68.64227577,20.92216565
1041,10410,66.8376553,20.37211734
1042,10420,77.58369942,23.64751158
1043,10430,67.16986868,20.47337597
1044,10440,91.43769279,27.87020876
1045,10450,67.66700699,20.62490373
1046,10460,67.84072834,20.677854
1047,10470,68.10429647,20.75818956
1048,10480,68.31011309,20.82092247
1049,10490,68.4969505,20.87787051
1050,10500,68.74295748,20.95285344
1051,10510,68.88722629,20.99682657
1052,10520,69.03720879,21.04254124
1053,10530,76.90987507,23.44212992
1054,10540,69.46106384,21.17173226
1055,10550,70.20479997,21.39842303
1056,10560,93.90291199,28.62160757
1057,10570,69.95007923,21.32078415
1058,10580,70.07086993,21.35760116
1059,10590,99.81498527,30.42360751
1060,10600,113.1772648,34.49643032
1061,10610,95.71189373,29.17298521
1062,10620,70.69062355,21.54650206
1063,10630,70.93987499,21.6224739
1064,10640,71.0898306,21.66818037
1065,10650,71.20750886,21.7040487
1066,10660,71.4123477,21.76648358
1067,10670,71.62279129,21.83062679
1068,10680,71.83605383,21.89562921
1069,10690,72.01587425,21.95043847
1070,10700,72.37003939,22.05838801
1071,10710,72.49064307,22.09514801
1072,10720,75.14373371,22.90381003
1073,10730,79.27350068,24.16256301
1074,10740,73.21917425,22.31720431
1075,10750,76.75575494,23.39515411
1076,10760,73.62377845,22.44052767
1077,10770,90.61240848,27.61866211
1078,10780,74.7977599,22.79835722
1079,10790,74.23838938,22.62786108
1080,10800,74.50865372,22.71023765
1081,10810,74.77988287,22.7929083
1082,10820,77.63742376,23.66388676
1083,10830,76.8737286,23.43111248
1084,10840,85.72866964,26.13009851
1085,10850,76.31036798,23.25940016
1086,10860,78.80146824,24.01868752
1087,10870,76.25112308,23.24134232
1088,10880,112.5029588,34.29090184
1089,10890,111.5692179,34.00629762
1090,10900,110.7458615,33.75533857
1091,10910,110.0421012,33.54083245
1092,10920,105.2153465,32.06963761
1093,10930,109.9386677,33.50930592
1094,10940,108.6762405,33.12451812
1095,10950,106.7034336,32.52320655
1096,10960,113.8389777,34.69812041
1097,10970,111.1801259,33.88770236
1098,10980,109.625245,33.41377466
1099,10990,90.41751677,27.55925911
1100,11000,80.9306688,24.66766785
1101,11010,81.31298669,24.78419834
1102,11020,81.55915107,24.85922925
1103,11030,81.84605367,24.94667716
1104,11040,82.08238097,25.01870972
1105,11050,82.39698257,25.11460029
1106,11060,83.10174236,25.32941107
1107,11070,83.09465828,25.32725184
1108,11080,83.36375296,25.4092719
1109,11090,83.66360148,25.50066573
1110,11100,83.96392974,25.59220578
1111,11110,84.29249711,25.69235312
1112,11120,85.48252726,26.05507431
1113,11130,85.12465414,25.94599458
1114,11140,85.50074606,26.0606274
1115,11150,85.75161582,26.1370925
1116,11160,86.19786994,26.27311076
1117,11170,86.62145646,26.40221993
1118,11180,87.01462969,26.52205913
1119,11190,87.59495365,26.69894187
1120,11200,87.76947289,26.75213534
1121,11210,88.1717473,26.87474858
1122,11220,88.52635968,26.98283443
1123,11230,88.92711117,27.10498349
1124,11240,89.41501612,27.25369691
1125,11250,89.73507127,27.35124972
1126,11260,90.15335365,27.47874219
1127,11270,90.76299264,27.66456016
1128,11280,91.08076332,27.76141666
1129,11290,91.37901706,27.8523244
1130,11300,91.76048764,27.96859663
1131,11310,95.27742347,29.04055867
1132,11320,96.00026755,29.26088155
1133,11330,92.85739478,28.30293393
1134,11340,96.13108999,29.30075623
1135,11350,95.81009776,29.2029178
1136,11360,95.34626413,29.06154131
1137,11370,97.72381582,29.78621906
1138,11380,95.50682041,29.11047886
1139,11390,95.08812965,28.98286192
1140,11400,101.2252264,30.853449
1141,11410,95.93836385,29.2420133
1142,11420,97.19602892,29.62534961
1143,11430,96.35211094,29.36812341
1144,11440,96.87246936,29.52672866
1145,11450,97.22736432,29.63490064
1146,11460,97.49037028,29.71506486
1147,11470,97.88775971,29.83618916
1148,11480,98.51181623,30.02640159
1149,11490,98.71644527,30.08877252
1150,11500,104.8471101,31.95739915
1151,11510,99.27981448,30.26048745
1152,11520,99.75771586,30.40615179
1153,11530,100.0951842,30.50901214
1154,11540,103.6630274,31.59649076
1155,11550,100.8768993,30.74727889
1156,11560,101.4615601,30.92548351
1157,11570,103.8091754,31.64103665
1158,11580,105.0058114,32.00577133
1159,11590,104.3533317,31.80689549
1160,11600,103.1108095,31.42817474
1161,11610,106.1184868,32.34491478
1162,11620,103.6179624,31.58275495
1163,11630,103.9863703,31.69504566
1164,11640,104.2653936,31.78009195
1165,11650,105.1342326,32.0449141
1166,11660,106.8352438,32.56338232
1167,11670,107.726435,32.83501739
1168,11680,110.313956,33.62369378
1169,11690,114.9895373,35.04881097
1170,11700,115.0172057,35.05724431
1171,11710,114.2325939,34.81809461
1172,11720,115.9296407,35.33535447
1173,11730,117.5746976,35.83676782
1174,11740,124.7046418,38.00997483
1175,11750,122.6530941,37.38466307
1176,11760,122.2132718,37.25060526
1177,11770,123.8027091,37.73506573
1178,11780,125.5236663,38.2596135
1179,11790,127.6941239,38.92116896
1180,11800,130.1246712,39.66199979
1181,11810,130.6817827,39.83180737
1182,11820,132.0903295,40.26113244
1183,11830,133.7103321,40.75490921
1184,11840,138.184983,42.11878282
1185,11850,138.8415992,42.31891943
1186,11860,143.1926802,43.64512893
1187,11870,154.5923199,47.11973912
1188,11880,142.0999166,43.31205458
1189,11890,143.7849434,43.82565076
1190,11900,145.4205872,44.32419499
1191,11910,146.9148858,44.7796572
1192,11920,149.1664058,45.46592049
1193,11930,150.4119439,45.84556051
1194,11940,152.1905569,46.38768173
1195,11950,153.7912655,46.87557773
1196,11960,155.0933908,47.27246552
1197,11970,156.9263097,47.83113919
1198,11980,158.5189288,48.31656948
1199,11990,160.7027877,48.98220969
1200,12000,161.7128538,49.29007783
1201,12010,178.0551226,54.27120136
1202,12020,177.6669478,54.15288569
1203,12030,166.5171902,50.75443956
1204,12040,167.7165834,51.12001461
1205,12050,174.2607005,53.11466152
1206,12060,174.1193031,53.07156359
1207,12070,173.5529807,52.89894851
1208,12080,174.5148069,53.19211314
1209,12090,174.7393178,53.26054406
1210,12100,170.4334286,51.94810904
1211,12110,170.8341899,52.07026109
1212,12120,171.7055835,52.33586185
1213,12130,180.6571188,55.06428981
1214,12140,172.3470939,52.53139423
1215,12150,172.7216726,52.64556581
1216,12160,174.0422203,53.04806875
1217,12170,182.0538064,55.49000018
1218,12180,174.2643518,53.11577442
1219,12190,174.2585303,53.11400004
1220,12200,182.0263764,55.48163952
1221,12210,174.7674215,53.26911007
1222,12220,175.0614965,53.35874414
1223,12230,175.4447311,53.47555404
1224,12240,175.8466752,53.59806661
1225,12250,176.1732571,53.69760876
1226,12260,179.7768035,54.79596972
1227,12270,195.0468817,59.45028955
1228,12280,177.6124417,54.13627225
1229,12290,182.8126669,55.72130088
1230,12300,187.5861996,57.17627364
1231,12310,174.4908036,53.18479692
1232,12320,174.6016,53.21856769
1233,12330,171.260791,52.20028909
1234,12340,171.9560046,52.41219021
1235,12350,168.7743863,51.44243295
1236,12360,166.3910477,50.71599134
1237,12370,164.7171116,50.20577561
1238,12380,163.31191,49.77747018
1239,12390,161.4810205,49.21941505
1240,12400,160.0248608,48.77557758
1241,12410,159.6462387,48.66017354
1242,12420,157.178164,47.90790439
1243,12430,155.6935304,47.45538806
1244,12440,153.344242,46.73932496
1245,12450,160.8516459,49.02758168
1246,12460,164.0139164,49.99144171
1247,12470,148.516622,45.2678664
1248,12480,146.8732945,44.76698016
1249,12490,145.1953336,44.25553769
1250,12500,143.5565219,43.75602788
1251,12510,141.9033212,43.25213231
1252,12520,140.2129112,42.73689534
1253,12530,138.6129528,42.249228
1254,12540,136.943614,41.74041356
1255,12550,151.9165819,46.30417415
1256,12560,133.6478599,40.7358677
1257,12570,131.9862067,40.22939579
1258,12580,162.7391819,49.60290266
1259,12590,164.527471,50.14797317
1260,12600,157.8655701,48.11742578
1261,12610,156.6178359,47.73711637
1262,12620,151.385012,46.14215167
1263,12630,159.636278,48.65713752
1264,12640,154.9844705,47.23926662
1265,12650,150.2866368,45.80736691
1266,12660,147.6251889,44.99615756
1267,12670,146.8829477,44.76992245
1268,12680,128.0415582,39.02706694
1269,12690,123.7549052,37.72049511
1270,12700,122.1120554,37.21975449
1271,12710,108.4670395,33.06075365
1272,12720,107.1422234,32.6569497
1273,12730,105.9950231,32.30728305
1274,12740,111.198795,33.89339273
1275,12750,102.6026661,31.27329262
1276,12760,102.2098998,31.15357747
1277,12770,100.1679485,30.5311907
1278,12780,97.0545742,29.58223422
1279,12790,97.93346854,29.85012121
1280,12800,93.82492111,28.59783596
1281,12810,92.15068355,28.08752835
1282,12820,92.14782514,28.0866571
1283,12830,88.85607914,27.08333292
1284,12840,87.2574486,26.59607033
1285,12850,85.62741551,26.09923625
1286,12860,89.62561342,27.31788697
1287,12870,82.31627077,25.08999933
1288,12880,80.66920942,24.58797503
1289,12890,78.98314942,24.07406394
1290,12900,77.2837005,23.55607191
1291,12910,75.622189,23.04964321
1292,12920,73.96597238,22.54482838
1293,12930,72.30959132,22.03996343
1294,12940,70.67305838,21.5411482
1295,12950,71.06744118,21.66135607
1296,12960,67.29160591,20.51048148
1297,12970,65.67146801,20.01666345
1298,12980,77.56179476,23.64083504
1299,12990,63.08144016,19.22722296
1300,13000,61.37151585,18.70603803
1301,13010,60.71015052,18.50445388
1302,13020,64.30141876,19.59907244
1303,13030,57.19753314,17.4338081
1304,13040,54.45672352,16.59840933
1305,13050,52.91211562,16.12761284
1306,13060,59.23800135,18.05574281
1307,13070,57.61918193,17.56232665
1308,13080,48.61941846,14.81919875
1309,13090,47.30271559,14.41786771
1310,13100,46.17167455,14.0731264
1311,13110,48.6211231,14.81971832
1312,13120,43.95948125,13.39884988
1313,13130,43.00955196,13.10931144
1314,13140,42.0353378,12.81237096
1315,13150,43.35810097,13.21554918
1316,13160,40.70723705,12.40756585
1317,13170,40.17515289,12.2453866
1318,13180,43.01153925,13.10991716
1319,13190,42.64781122,12.99905286
1320,13200,40.90534562,12.46794934
1321,13210,41.72480077,12.71771927
1322,13220,47.2866431,14.41296882
1323,13230,43.83993188,13.36241124
1324,13240,44.62060924,13.6003617
1325,13250,45.38969591,13.83477931
1326,13260,46.04786064,14.03538792
1327,13270,46.25948684,14.09989159
1328,13280,54.78613335,16.69881345
1329,13290,52.23586661,15.92149214
1330,13300,48.58775129,14.80954659
1331,13310,53.27459658,16.23809704
1332,13320,50.69880903,15.45299699
1333,13330,51.94043522,15.83144466
1334,13340,54.16755454,16.51027062
1335,13350,55.71682384,16.98248791
1336,13360,66.26298296,20.19695721
1337,13370,55.54480918,16.93005784
1338,13380,59.32221337,18.08141064
1339,13390,63.27978621,19.28767884
1340,13400,58.59925578,17.86105316
1341,13410,61.74154419,18.81882267
1342,13420,60.63134047,18.48043257
1343,13430,73.27491031,22.33419266
1344,13440,65.31565,19.90821012
1345,13450,64.73457181,19.73109749
1346,13460,71.73738596,21.86555524
1347,13470,66.58467786,20.29500981
1348,13480,66.10236767,20.14800167
1349,13490,71.69929072,21.85394381
1350,13500,67.19957619,20.48243082
1351,13510,71.56551058,21.81316762
1352,13520,65.77497109,20.04821119
1353,13530,71.69561172,21.85282245
1354,13540,66.09779303,20.14660731
1355,13550,65.16687741,19.86286423
1356,13560,64.76551648,19.74052942
1357,13570,79.15057122,24.12509411
1358,13580,73.56300429,22.42200371
1359,13590,64.05693732,19.52455449
1360,13600,64.26334522,19.58746762
1361,13610,69.28459471,21.11794447
1362,13620,66.21274365,20.18164427
1363,13630,67.10175594,20.45261521
1364,13640,68.02836356,20.73504521
1365,13650,68.90987006,21.00372839
1366,13660,69.73872042,21.25636198
1367,13670,70.58449693,21.51415466
1368,13680,71.46382333,21.78217335
1369,13690,72.32783456,22.04552397
1370,13700,73.24609435,22.32540956
1371,13710,74.13800372,22.59726353
1372,13720,78.50155104,23.92727276
1373,13730,77.18328371,23.52546488
1374,13740,78.73034058,23.99700781
1375,13750,77.92672953,23.75206716
1376,13760,78.82447935,24.02570131
1377,13770,79.92094527,24.35990412
1378,13780,87.86237633,26.78045231
1379,13790,86.57887698,26.3892417
1380,13800,82.52549886,25.15377205
1381,13810,83.24511481,25.37311099
1382,13820,84.95722068,25.89496086
1383,13830,86.87402814,26.47920378
1384,13840,88.31697472,26.9190139
1385,13850,87.62224596,26.70726057
1386,13860,88.79737989,27.06544139
1387,13870,91.87502045,28.00350623
1388,13880,94.23933587,28.72414957
1389,13890,92.20101014,28.10286789
1390,13900,93.14161743,28.38956499
1391,13910,94.0681182,28.67196243
1392,13920,95.16861923,29.00739514
1393,13930,97.1527186,29.61214863
1394,13940,98.76566153,30.10377363
1395,13950,98.60674791,30.05533676
1396,13960,99.74297445,30.40165861
1397,13970,100.8644466,30.74348333
1398,13980,102.0021044,31.09024143
1399,13990,103.0647161,31.41412548
1400,14000,112.9840579,34.43754084
1401,14010,110.2925486,33.61716881
1402,14020,106.4125847,32.43455581
1403,14030,109.517142,33.38082488
1404,14040,108.6427923,33.11432309
1405,14050,110.073581,33.55042749
1406,14060,110.9833104,33.82771302
1407,14070,112.7944552,34.37974994
1408,14080,113.1500123,34.48812376
1409,14090,114.9503692,35.03687252
1410,14100,115.273691,35.13542102
1411,14110,117.4194769,35.78945657
1412,14120,117.5312439,35.82352314
1413,14130,118.6021577,36.14993767
1414,14140,119.8326789,36.52500052
1415,14150,120.9150966,36.85492143
1416,14160,122.1172902,37.22135006
1417,14170,123.0514851,37.50609267
1418,14180,123.3445437,37.59541692
1419,14190,125.5333586,38.26256769
1420,14200,124.1071262,37.82785205
1421,14210,124.2513997,37.87182664
1422,14220,123.6812198,37.6980358
1423,14230,123.6222948,37.68007544
1424,14240,123.5156548,37.64757157
1425,14250,123.6269031,37.68148005
1426,14260,123.9706576,37.78625644
1427,14270,123.8645351,37.7539103
1428,14280,126.6355075,38.59850269
1429,14290,123.504571,37.64419324
1430,14300,123.6777362,37.696974
1431,14310,123.7771226,37.72726697
1432,14320,123.814829,37.73875988
1433,14330,123.8649905,37.75404909
1434,14340,139.4444245,42.50266058
1435,14350,131.4904628,40.07829305
1436,14360,128.7451994,39.24153677
1437,14370,124.2245431,37.86364075
1438,14380,124.6124904,37.98188707
1439,14390,124.5935183,37.97610437
1440,14400,124.243931,37.86955018
1441,14410,124.7528071,38.02465562
1442,14420,124.3372175,37.89798389
1443,14430,124.3455194,37.90051433
1444,14440,124.4390084,37.92900975
1445,14450,124.9804859,38.09405209
1446,14460,124.9317222,38.07918893
1447,14470,124.384974,37.91254007
1448,14480,124.541446,37.96023274
1449,14490,128.2270061,39.08359147
1450,14500,125.1149599,38.13503978
1451,14510,124.8533742,38.05530847
1452,14520,124.9101363,38.07260955
1453,14530,125.0080418,38.10245114
1454,14540,125.1369513,38.14174276
1455,14550,125.2409493,38.17344136
1456,14560,125.3377229,38.20293794
1457,14570,125.4002903,38.22200848
1458,14580,125.4879303,38.24872116
1459,14590,125.6168713,38.28802238
1460,14600,125.7241191,38.32071149
1461,14610,125.8054986,38.34551597
1462,14620,126.1960987,38.46457087
1463,14630,128.5794121,39.1910048
1464,14640,126.2286027,38.4744781
1465,14650,126.9476907,38.69365613
1466,14660,127.7710571,38.94461821
1467,14670,128.5508445,39.1822974
1468,14680,129.7931386,39.56094866
1469,14690,130.2451922,39.69873458
1470,14700,130.918462,39.9039472
1471,14710,135.2434454,41.22220217
1472,14720,134.3086205,40.93726753
1473,14730,133.7332264,40.76188742
1474,14740,145.8239143,44.44712906
1475,14750,136.8560784,41.71373269
1476,14760,136.9545871,41.74375813
1477,14770,135.5797127,41.32469643
1478,14780,136.5870016,41.63171807
1479,14790,137.1240232,41.79540229
1480,14800,226.6378375,69.07921287
1481,14810,138.6280159,42.25381924
1482,14820,139.3082637,42.46115879
1483,14830,140.1180528,42.70798249
1484,14840,140.8207943,42.92217811
1485,14850,141.5266522,43.13732358
1486,14860,142.2570913,43.35996142
1487,14870,142.9770948,43.57941849
1488,14880,150.8616413,45.98262828
1489,14890,155.0864926,47.27036294
1490,14900,144.9394274,44.17753746
1491,14910,145.8930025,44.46818718
1492,14920,146.85698,44.76200751
1493,14930,147.7748813,45.04178381
1494,14940,149.2331329,45.4862589
1495,14950,149.6523851,45.61404698
1496,14960,150.7421638,45.94621151
1497,14970,151.554968,46.19395424
1498,14980,156.3645337,47.65990987
1499,14990,157.4389252,47.9873844
1500,15000,154.1201014,46.97580691
1501,15010,154.1504537,46.98505829
