FID,Id,ORIG_FID,Id_1,Z (ft),POINT_X,POINT_Y,Lat,Long
0,0,0,0,221.7431143,1277982.1,240941.2,47.651001,-122.3040009
1,0,0,0,89.88722399,1277970.258,240910.6033,47.651001,-122.3040009
2,0,0,0,222.6501733,1277958.417,240880.0065,47.6509018,-122.3040009
3,0,0,0,42.08459396,1277946.575,240849.4098,47.6507988,-122.3040009
4,0,0,0,222.2775969,1277934.733,240818.8131,47.6506996,-122.3040009
5,0,0,0,222.6608338,1277922.83,240788.2401,47.6506004,-122.3040009
6,0,0,0,161.4369067,1277910.87,240757.6894,47.6505013,-122.3040009
7,0,0,0,4.563369083,1277899.329,240726.9869,47.6503983,-122.3040009
8,0,0,0,222,1277888.954,240695.8621,47.6503983,-122.3040009
9,0,0,0,165.30233,1277878.641,240664.7184,47.6502991,-122.3040009
10,0,0,0,166.9852608,1277869.795,240633.1252,47.6501999,-122.3040009
11,0,0,0,213.5238042,1277860.949,240601.5319,47.6501007,-122.3040009
12,0,0,0,221.0870068,1277852.178,240569.9177,47.6500015,-122.3040009
13,0,0,0,221.1344064,1277843.445,240538.2929,47.6498985,-122.3040009
14,0,0,0,223.0547954,1277835.392,240506.5057,47.6497993,-122.3040009
15,0,0,0,127.7015102,1277828.866,240474.3528,47.6497002,-122.3040009
16,0,0,0,223.4340246,1277822.341,240442.2,47.6497002,-122.3050003
17,0,0,0,220.3838277,1277817.15,240409.813,47.649601,-122.3050003
18,0,0,0,227.320305,1277812.337,240377.3596,47.6495018,-122.3050003
19,0,0,0,230.7375986,1277807.524,240344.9062,47.6493988,-122.3050003
20,0,0,0,208.0584026,1277787.72,240319.5443,47.6492996,-122.3050003
21,0,0,0,228.3199542,1277759.673,240303.442,47.6492996,-122.3050003
22,0,0,0,221.5027143,1277727.329,240298.5574,47.6492996,-122.3050003
23,0,0,0,162.2070763,1277694.709,240301.5366,47.6492996,-122.3050003
24,0,0,0,224.2597304,1277667.03,240317.7014,47.6492996,-122.3050003
25,0,0,0,224.310474,1277640.677,240337.2433,47.6493988,-122.3050003
26,0,0,0,148.0832186,1277614.324,240356.7852,47.6493988,-122.3050003
27,0,0,0,224.7327552,1277587.97,240376.3272,47.6495018,-122.3050003
28,0,0,0,224.3263683,1277561.617,240395.8691,47.6495018,-122.3059998
29,0,0,0,221.725027,1277535.263,240415.411,47.649601,-122.3059998
30,0,0,0,210.9348069,1277508.91,240434.9529,47.649601,-122.3059998
31,0,0,0,209.883137,1277482.552,240454.4888,47.6497002,-122.3059998
32,0,0,0,216.545619,1277456.176,240473.9996,47.6497002,-122.3059998
33,0,0,0,234.4895909,1277430.594,240494.5406,47.6497993,-122.3059998
34,0,0,0,227.1034627,1277405.011,240515.0815,47.6497993,-122.3059998
35,0,0,0,239.646935,1277379.429,240535.6225,47.6498985,-122.3059998
36,0,0,0,246.7341776,1277353.847,240556.1634,47.6498985,-122.3059998
37,0,0,0,222.0476621,1277328.264,240576.7044,47.6500015,-122.3069992
38,0,0,0,225.3079987,1277302.682,240597.2454,47.6501007,-122.3069992
39,0,0,0,221.084859,1277277.08,240617.7616,47.6501007,-122.3069992
40,0,0,0,209.448826,1277251.259,240638.002,47.6501999,-122.3069992
41,0,0,0,219.6211494,1277225.438,240658.2423,47.6501999,-122.3069992
42,0,0,0,218.6683892,1277199.618,240678.4827,47.6502991,-122.3069992
43,0,0,0,219.7409796,1277173.797,240698.723,47.6502991,-122.3069992
44,0,0,0,193.5246638,1277147.976,240718.9634,47.6503983,-122.3069992
45,0,0,0,217.9966501,1277122.155,240739.2038,47.6503983,-122.3069992
46,0,0,0,196.8959809,1277096.334,240759.4441,47.6505013,-122.3069992
47,0,0,0,212.4195025,1277070.534,240779.71,47.6505013,-122.3079987
48,0,0,0,223.0647442,1277044.793,240800.0518,47.6506004,-122.3079987
49,0,0,0,167.6600729,1277019.052,240820.3936,47.6506996,-122.3079987
50,0,0,0,220.9485696,1276993.311,240840.7355,47.6506996,-122.3079987
51,0,0,0,189.5059178,1276967.57,240861.0773,47.6507988,-122.3079987
52,0,0,0,220.6160693,1276941.829,240881.4191,47.6507988,-122.3079987
53,0,0,0,223.1969645,1276915.829,240901.4091,47.6509018,-122.3079987
54,0,0,0,223.2885139,1276888.758,240919.944,47.6509018,-122.3079987
55,0,0,0,218.4327436,1276861.687,240938.4789,47.651001,-122.3079987
56,0,0,0,222.2150437,1276834.616,240957.0138,47.651001,-122.3089981
57,0,0,0,187.7031788,1276808.012,240976.2103,47.6511002,-122.3089981
58,0,0,0,227.4133419,1276781.494,240995.5288,47.6511002,-122.3089981
59,0,0,0,152.9999051,1276754.977,241014.8473,47.6511993,-122.3089981
60,0,0,0,234.7861331,1276728.459,241034.1657,47.6511993,-122.3089981
61,0,0,0,152.6088075,1276701.941,241053.4842,47.6512985,-122.3089981
62,0,0,0,216.4408008,1276675.424,241072.8027,47.6512985,-122.3089981
63,0,0,0,186.9655812,1276649.412,241092.7918,47.6514015,-122.3089981
64,0,0,0,0,1276623.535,241112.9614,47.6514015,-122.3089981
65,0,0,0,224.5960271,1276597.659,241133.1309,47.6515007,-122.3099976
66,0,0,0,205.7078507,1276571.783,241153.3005,47.6515007,-122.3099976
67,0,0,0,235.3548745,1276545.907,241173.47,47.6515999,-122.3099976
68,0,0,0,179.9626419,1276520.031,241193.6396,47.6516991,-122.3099976
69,0,0,0,219.041752,1276494.155,241213.8092,47.6516991,-122.3099976
70,0,0,0,218.3167997,1276468.279,241233.9787,47.6517982,-122.3099976
71,0,0,0,215.1146477,1276442.402,241254.1483,47.6517982,-122.3099976
72,0,0,0,158.330404,1276416.526,241274.3178,47.6519012,-122.3099976
73,0,0,0,213.6421158,1276390.65,241294.4874,47.6519012,-122.3099976
74,0,0,0,215.7450356,1276364.774,241314.657,47.6520004,-122.3099976
75,0,0,0,225.5166245,1276338.898,241334.8265,47.6520004,-122.310997
76,0,0,0,217.7306962,1276313.022,241354.9961,47.6520996,-122.310997
77,0,0,0,232.6474429,1276286.985,241374.958,47.6520996,-122.310997
78,0,0,0,187.2933095,1276260.906,241394.8637,47.6521988,-122.310997
79,0,0,0,194.1032678,1276234.826,241414.7693,47.6521988,-122.310997
80,0,0,0,234.4282074,1276208.746,241434.675,47.6523018,-122.310997
81,0,0,0,215.0691126,1276182.665,241454.5787,47.6523018,-122.310997
82,0,0,0,192.6095919,1276156.584,241474.4821,47.652401,-122.310997
83,0,0,0,216.9534068,1276130.502,241494.3856,47.6525002,-122.310997
84,0,0,0,221.1162235,1276104.696,241514.639,47.6525002,-122.3119965
85,0,0,0,174.1982623,1276079.225,241535.3172,47.6525993,-122.3119965
86,0,0,0,218.8603722,1276053.753,241555.9955,47.6525993,-122.3119965
87,0,0,0,218.7125878,1276028.282,241576.6738,47.6526985,-122.3119965
88,0,0,0,223.4074819,1276002.81,241597.3521,47.6526985,-122.3119965
89,0,0,0,210.6534821,1275977.339,241618.0304,47.6528015,-122.3119965
90,0,0,0,238.066916,1275951.867,241638.7087,47.6528015,-122.3119965
91,0,0,0,243.3473149,1275926.396,241659.387,47.6529007,-122.3119965
92,0,0,0,222.8898369,1275900.925,241680.0652,47.6529999,-122.3119965
93,0,0,0,202.295632,1275875.535,241700.8439,47.6529999,-122.3130035
94,0,0,0,13.43295743,1275850.261,241721.7622,47.6530991,-122.3130035
95,0,0,0,220.6555755,1275824.986,241742.6806,47.6530991,-122.3130035
96,0,0,0,221.1903835,1275799.711,241763.599,47.6531982,-122.3130035
97,0,0,0,217.473371,1275774.437,241784.5173,47.6531982,-122.3130035
98,0,0,0,223,1275749.162,241805.4357,47.6533012,-122.3130035
99,0,0,0,223.8302162,1275723.887,241826.3541,47.6533012,-122.3130035
100,0,0,0,224,1275698.495,241847.1228,47.6534004,-122.3130035
101,0,0,0,221.8061953,1275675.585,241868.3618,47.6534996,-122.3130035
102,0,0,0,215.5806369,1275677.114,241901.1344,47.6534996,-122.3130035
103,0,0,0,215,1275678.35,241933.919,47.6535988,-122.3130035
104,0,0,0,213.6343742,1275679.487,241966.7076,47.6537018,-122.3130035
105,0,0,0,215.1970755,1275680.624,241999.4963,47.653801,-122.3130035
106,0,0,0,214.1532103,1275681.761,242032.2849,47.6539001,-122.3130035
107,0,0,0,212.5076593,1275682.901,242065.0734,47.6539993,-122.3130035
108,0,0,0,214,1275684.041,242097.862,47.6540985,-122.3130035
109,0,0,0,212.864316,1275685.18,242130.6505,47.6542015,-122.3130035
110,0,0,0,221.5812065,1275686.32,242163.439,47.6543007,-122.3130035
111,0,0,0,211.6842822,1275687.46,242196.2276,47.6543999,-122.3130035
112,0,0,0,182.8869087,1275688.599,242229.0161,47.6543999,-122.3130035
113,0,0,0,212.8415888,1275689.739,242261.8046,47.6544991,-122.3130035
114,0,0,0,213.1293675,1275690.879,242294.5932,47.6545982,-122.3130035
115,0,0,0,212.2368513,1275692.018,242327.3817,47.6547012,-122.3130035
116,0,0,0,213.1661119,1275693.158,242360.1702,47.6548004,-122.3130035
117,0,0,0,213.9046272,1275694.298,242392.9588,47.6548996,-122.3130035
118,0,0,0,213,1275695.437,242425.7473,47.6549988,-122.3130035
119,0,0,0,211.9684443,1275696.577,242458.5358,47.6551018,-122.3130035
120,0,0,0,212.976293,1275697.717,242491.3244,47.655201,-122.3130035
121,0,0,0,135.2630332,1275698.856,242524.1129,47.6553001,-122.3130035
122,0,0,0,192.6420637,1275699.996,242556.9014,47.6553001,-122.3130035
123,0,0,0,184.2191094,1275701.221,242589.6869,47.6553993,-122.3130035
124,0,0,0,214.1662012,1275702.456,242622.472,47.6554985,-122.3130035
125,0,0,0,212.1072371,1275703.69,242655.2571,47.6556015,-122.3130035
126,0,0,0,213,1275704.924,242688.0422,47.6557007,-122.3130035
127,0,0,0,213.381827,1275706.158,242720.8273,47.6557999,-122.3130035
128,0,0,0,214.9695145,1275707.392,242753.6124,47.655899,-122.3130035
129,0,0,0,214.9144886,1275708.627,242786.3975,47.6559982,-122.3130035
130,0,0,0,67.22105818,1275709.817,242819.1842,47.6561012,-122.3130035
131,0,0,0,190.4276926,1275711.001,242851.9712,47.6562004,-122.3130035
132,0,0,0,216.4240068,1275712.192,242884.7579,47.6562004,-122.3130035
133,0,0,0,213.921451,1275713.398,242917.5441,47.6562996,-122.3130035
134,0,0,0,191.2401181,1275714.604,242950.3302,47.6563988,-122.3130035
135,0,0,0,211.9917977,1275715.811,242983.1164,47.6565018,-122.3130035
136,0,0,0,216.8204794,1275717.017,243015.9025,47.656601,-122.3130035
137,0,0,0,226.4893803,1275718.223,243048.6887,47.6567001,-122.3130035
138,0,0,0,214.405923,1275719.43,243081.4748,47.6567993,-122.3130035
139,0,0,0,217.5224586,1275720.637,243114.2609,47.6568985,-122.3130035
140,0,0,0,113.0462056,1275721.845,243147.047,47.6570015,-122.3130035
141,0,0,0,137.8543397,1275723.053,243179.8331,47.6571007,-122.3130035
142,0,0,0,213.6924384,1275724.261,243212.6192,47.6571007,-122.3130035
143,0,0,0,138.5481759,1275725.47,243245.4052,47.6571999,-122.3130035
144,0,0,0,213.6714016,1275726.678,243278.1913,47.657299,-122.3130035
145,0,0,0,0,1275727.889,243310.9773,47.6573982,-122.3130035
146,0,0,0,77.77071487,1275729.108,243343.763,47.6575012,-122.3130035
147,0,0,0,195.1476257,1275730.327,243376.5487,47.6576004,-122.3130035
148,0,0,0,212.122687,1275731.545,243409.3344,47.6576996,-122.3130035
149,0,0,0,213.7896288,1275732.764,243442.1201,47.6577988,-122.3130035
150,0,0,0,214,1275733.982,243474.9058,47.6579018,-122.3130035
151,0,0,0,212.3379935,1275735.201,243507.6914,47.6580009,-122.3130035
152,0,0,0,156.9908516,1275736.42,243540.4771,47.6580009,-122.3130035
153,0,0,0,209.0823995,1275737.638,243573.2628,47.6581001,-122.3130035
154,0,0,0,178.4824185,1275738.857,243606.0485,47.6581993,-122.3130035
155,0,0,0,214.6641206,1275740.075,243638.8342,47.6582985,-122.3130035
156,0,0,0,97.04288283,1275741.284,243671.6203,47.6584015,-122.3130035
157,0,0,0,194.0769676,1275742.493,243704.4063,47.6585007,-122.3130035
158,0,0,0,215,1275743.702,243737.1924,47.6585999,-122.3130035
159,0,0,0,170.2499484,1275744.911,243769.9784,47.658699,-122.3130035
160,0,0,0,214.0316007,1275746.12,243802.7645,47.6587982,-122.3130035
161,0,0,0,215,1275747.329,243835.5505,47.6589012,-122.3130035
162,0,0,0,211.2088497,1275748.538,243868.3366,47.6589012,-122.3130035
163,0,0,0,170.4581586,1275749.747,243901.1226,47.6590004,-122.3130035
164,0,0,0,192.3129607,1275750.955,243933.9087,47.6590996,-122.3130035
165,0,0,0,214,1275752.164,243966.6948,47.6591988,-122.3130035
166,0,0,0,209.1078552,1275753.373,243999.4808,47.6593018,-122.3130035
167,0,0,0,215.5439115,1275754.582,244032.2669,47.6594009,-122.3130035
168,0,0,0,169.741827,1275755.791,244065.0529,47.6595001,-122.3130035
169,0,0,0,214.6279036,1275757,244097.839,47.6595993,-122.3130035
170,0,0,0,129.9031098,1275758.209,244130.625,47.6596985,-122.3130035
171,0,0,0,176.2905514,1275759.418,244163.4111,47.6598015,-122.3130035
172,0,0,0,217,1275760.629,244196.197,47.6598015,-122.3130035
173,0,0,0,218.2252006,1275761.843,244228.9829,47.6599007,-122.3130035
174,0,0,0,215,1275763.057,244261.7688,47.6599998,-122.3130035
175,0,0,0,216.0579115,1275764.272,244294.5546,47.660099,-122.3130035
176,0,0,0,215.8726816,1275765.486,244327.3405,47.6601982,-122.3130035
177,0,0,0,192.9372026,1275766.7,244360.1263,47.6603012,-122.3130035
178,0,0,0,6.886430667,1275767.914,244392.9122,47.6604004,-122.3130035
179,0,0,0,127.1304324,1275769.128,244425.6981,47.6604996,-122.3130035
180,0,0,0,215,1275770.342,244458.4839,47.6605988,-122.3130035
181,0,0,0,215.5119224,1275771.556,244491.2698,47.6607018,-122.3130035
182,0,0,0,222.7871577,1275772.77,244524.0557,47.6607018,-122.3130035
183,0,0,0,238.5129794,1275773.984,244556.8415,47.6608009,-122.3130035
184,0,0,0,215.7326463,1275775.198,244589.6274,47.6609001,-122.3130035
185,0,0,0,216,1275776.412,244622.4132,47.6609993,-122.3130035
186,0,0,0,195.1170559,1275777.626,244655.1991,47.6610985,-122.3130035
187,0,0,0,233.1753451,1275778.84,244687.985,47.6612015,-122.3130035
188,0,0,0,218.0104713,1275780.023,244720.7719,47.6613007,-122.3130035
189,0,0,0,133.1193984,1275780.99,244753.566,47.6613998,-122.3130035
190,0,0,0,209.3191889,1275781.956,244786.3601,47.661499,-122.3130035
191,0,0,0,190.0545354,1275782.923,244819.1541,47.6615982,-122.3130035
192,0,0,0,174.6804578,1275783.89,244851.9482,47.6615982,-122.3130035
193,0,0,0,170.2169622,1275784.856,244884.7423,47.6617012,-122.3130035
194,0,0,0,165.6384578,1275785.823,244917.5364,47.6618004,-122.3130035
195,0,0,0,217,1275786.789,244950.3305,47.6618996,-122.3130035
196,0,0,0,216.4613932,1275787.756,244983.1246,47.6619987,-122.3130035
197,0,0,0,9.213290322,1275788.723,245015.9187,47.6621017,-122.3130035
198,0,0,0,46.85792701,1275789.689,245048.7128,47.6622009,-122.3130035
199,0,0,0,128.8096196,1275790.656,245081.5069,47.6623001,-122.3130035
200,0,0,0,87.56224899,1275791.624,245114.3009,47.6623993,-122.3130035
201,0,0,0,161.2764116,1275792.592,245147.095,47.6623993,-122.3130035
202,0,0,0,217,1275793.56,245179.889,47.6624985,-122.3130035
203,0,0,0,216.9849405,1275794.528,245212.6831,47.6626015,-122.3130035
204,0,0,0,193.73185,1275795.496,245245.4771,47.6627007,-122.3130035
205,0,0,0,148.8992464,1275796.465,245278.2711,47.6627998,-122.3130035
206,0,0,0,195.9570673,1275797.433,245311.0652,47.662899,-122.3130035
207,0,0,0,113.2884952,1275798.401,245343.8592,47.6629982,-122.3130035
208,0,0,0,217.142051,1275799.369,245376.6533,47.6631012,-122.3130035
209,0,0,0,183.6066109,1275800.336,245409.4474,47.6632004,-122.3130035
210,0,0,0,225.9870833,1275801.303,245442.2415,47.6632996,-122.3130035
211,0,0,0,225.8282043,1275802.269,245475.0355,47.6632996,-122.3130035
212,0,0,0,219,1275803.236,245507.8296,47.6633987,-122.3130035
213,0,0,0,219,1275804.203,245540.6237,47.6635017,-122.3130035
214,0,0,0,218.3419568,1275805.17,245573.4178,47.6636009,-122.3130035
215,0,0,0,218.2851234,1275806.137,245606.2119,47.6637001,-122.3130035
216,0,0,0,243.8047146,1275807.103,245639.006,47.6637993,-122.3130035
217,0,0,0,218.0400731,1275808.07,245671.8001,47.6638985,-122.3130035
218,0,0,0,136.1959455,1275809.037,245704.5941,47.6640015,-122.3130035
219,0,0,0,206.8815271,1275810.004,245737.3882,47.6641006,-122.3130035
220,0,0,0,217.7111676,1275810.972,245770.1823,47.6641998,-122.3130035
221,0,0,0,218.7454489,1275811.946,245802.9762,47.6641998,-122.3130035
222,0,0,0,218.0968965,1275812.919,245835.77,47.664299,-122.3130035
223,0,0,0,218,1275813.892,245868.5639,47.6643982,-122.3130035
224,0,0,0,218.7380193,1275814.865,245901.3578,47.6645012,-122.3130035
225,0,0,0,218.892424,1275815.838,245934.1517,47.6646004,-122.3130035
226,0,0,0,218.1622769,1275816.811,245966.9456,47.6646996,-122.3130035
227,0,0,0,164.5390767,1275817.785,245999.7395,47.6647987,-122.3130035
228,0,0,0,245.5021707,1275818.758,246032.5334,47.6649017,-122.3130035
229,0,0,0,49.01155714,1275819.731,246065.3273,47.6650009,-122.3130035
230,0,0,0,219,1275820.703,246098.1213,47.6651001,-122.3130035
231,0,0,0,218.0485016,1275821.676,246130.9152,47.6651001,-122.3130035
232,0,0,0,218.0065413,1275822.648,246163.7091,47.6651993,-122.3130035
233,0,0,0,132.4793665,1275823.621,246196.503,47.6652985,-122.3130035
234,0,0,0,217.2328202,1275824.594,246229.2969,47.6654015,-122.3130035
235,0,0,0,218.3118303,1275825.566,246262.0908,47.6655006,-122.3130035
236,0,0,0,219.3294276,1275826.539,246294.8847,47.6655998,-122.3130035
237,0,0,0,220.3479393,1275827.512,246327.6786,47.665699,-122.3130035
238,0,0,0,219,1275828.484,246360.4726,47.6657982,-122.3130035
239,0,0,0,218.9567841,1275829.457,246393.2665,47.6659012,-122.3130035
240,0,0,0,218.440414,1275830.429,246426.0604,47.6660004,-122.3130035
241,0,0,0,216.7415822,1275831.402,246458.8543,47.6660004,-122.3130035
242,0,0,0,223.6389595,1275832.375,246491.6482,47.6660995,-122.3130035
243,0,0,0,217.8531121,1275833.347,246524.4421,47.6661987,-122.3130035
244,0,0,0,215.0836574,1275834.32,246557.236,47.6663017,-122.3130035
245,0,0,0,218.9029771,1275835.293,246590.0299,47.6664009,-122.3130035
246,0,0,0,151.6548083,1275836.265,246622.8239,47.6665001,-122.3130035
247,0,0,0,217.0403165,1275837.237,246655.6178,47.6665993,-122.3130035
248,0,0,0,217,1275838.208,246688.4117,47.6666985,-122.3130035
249,0,0,0,217.7135474,1275839.18,246721.2057,47.6668015,-122.3130035
250,0,0,0,218.7536816,1275840.152,246753.9996,47.6669006,-122.3130035
251,0,0,0,218.3149848,1275841.124,246786.7936,47.6669006,-122.3130035
252,0,0,0,219.2326986,1275842.096,246819.5875,47.6669998,-122.3130035
253,0,0,0,223.8932404,1275843.068,246852.3814,47.667099,-122.3130035
254,0,0,0,219.3179073,1275844.04,246885.1754,47.6671982,-122.3130035
255,0,0,0,219.144536,1275845.012,246917.9693,47.6673012,-122.3130035
256,0,0,0,216.3889121,1275845.984,246950.7632,47.6674004,-122.3130035
257,0,0,0,219.8594042,1275846.956,246983.5572,47.6674995,-122.3130035
258,0,0,0,219.7956365,1275847.927,247016.3511,47.6675987,-122.3130035
259,0,0,0,220,1275848.899,247049.145,47.6677017,-122.3130035
260,0,0,0,221,1275849.871,247081.939,47.6678009,-122.3130035
261,0,0,0,220.0015345,1275850.843,247114.7329,47.6678009,-122.3130035
262,0,0,0,222.6410622,1275851.815,247147.5268,47.6679001,-122.3130035
263,0,0,0,222.3244395,1275852.787,247180.3208,47.6679993,-122.3130035
264,0,0,0,221.2076057,1275853.759,247213.1147,47.6680984,-122.3130035
265,0,0,0,228.0026032,1275854.731,247245.9086,47.6682014,-122.3130035
266,0,0,0,211.1504791,1275855.703,247278.7026,47.6683006,-122.3130035
267,0,0,0,222.0931362,1275856.674,247311.4965,47.6683998,-122.3130035
268,0,0,0,165.9433609,1275857.646,247344.2904,47.668499,-122.3130035
269,0,0,0,221.5510536,1275858.6,247377.0838,47.6685982,-122.3130035
270,0,0,0,223.0237751,1275859.082,247409.8886,47.6687012,-122.3130035
271,0,0,0,222.6799066,1275859.565,247442.6934,47.6687012,-122.3130035
272,0,0,0,222.8633888,1275860.047,247475.4982,47.6688004,-122.3130035
273,0,0,0,223,1275860.529,247508.303,47.6688995,-122.3130035
274,0,0,0,223.0165488,1275861.012,247541.1078,47.6689987,-122.3130035
275,0,0,0,224,1275861.494,247573.9126,47.6691017,-122.3130035
276,0,0,0,223.9994448,1275861.977,247606.7174,47.6692009,-122.3130035
277,0,0,0,223.5563198,1275862.459,247639.5221,47.6693001,-122.3130035
278,0,0,0,224.1308777,1275862.941,247672.3269,47.6693993,-122.3130035
279,0,0,0,223.0234158,1275863.427,247705.1317,47.6694984,-122.3130035
280,0,0,0,225,1275863.921,247737.9363,47.6696014,-122.3130035
281,0,0,0,224.6161509,1275864.415,247770.7409,47.6696014,-122.3130035
282,0,0,0,223.5823144,1275864.91,247803.5455,47.6697006,-122.3130035
283,0,0,0,224.8656268,1275865.404,247836.3501,47.6697998,-122.3130035
284,0,0,0,224.9207401,1275865.898,247869.1547,47.669899,-122.3130035
285,0,0,0,225.0671328,1275866.392,247901.9593,47.6699982,-122.3130035
286,0,0,0,225.3532208,1275866.887,247934.7639,47.6701012,-122.3130035
287,0,0,0,225.7112716,1275867.381,247967.5686,47.6702003,-122.3130035
288,0,0,0,225,1275867.875,248000.3732,47.6702995,-122.3130035
289,0,0,0,225.8402551,1275868.369,248033.1778,47.6703987,-122.3130035
290,0,0,0,224.8691688,1275868.864,248065.9824,47.6705017,-122.3130035
291,0,0,0,224,1275869.358,248098.787,47.6705017,-122.3130035
292,0,0,0,225,1275869.852,248131.5916,47.6706009,-122.3130035
293,0,0,0,224.8789764,1275870.346,248164.3962,47.6707001,-122.3130035
294,0,0,0,224,1275870.844,248197.2008,47.6707993,-122.3130035
295,0,0,0,207.7293518,1275871.343,248230.0053,47.6708984,-122.3130035
296,0,0,0,65.23222203,1275871.794,248262.8102,47.6710014,-122.3130035
297,0,0,0,152.231533,1275871.73,248295.6184,47.6711006,-122.3130035
298,0,0,0,218.8925011,1275875.691,248327.9768,47.6711998,-122.3130035
299,0,0,0,72.6290321,1275857.223,248340.1762,47.6711998,-122.3130035
300,0,0,0,224.9495876,1275824.437,248341.3834,47.6711998,-122.3130035
301,0,0,0,97.36202661,1275791.651,248342.5907,47.6711998,-122.3130035
302,0,0,0,184.9168357,1275759.312,248348.1059,47.6711998,-122.3130035
303,0,0,0,185.2357571,1275727.483,248355.5305,47.6711998,-122.314003
304,0,0,0,72.35600393,1275696.749,248367.0123,47.671299,-122.314003
305,0,0,0,81.54073542,1275666.015,248378.4941,47.671299,-122.314003
306,0,0,0,137.5527301,1275635.569,248390.5964,47.671299,-122.314003
307,0,0,0,225,1275607.881,248407.9828,47.6713982,-122.314003
308,0,0,0,223.5956054,1275583.6,248429.9996,47.6713982,-122.314003
309,0,0,0,133.2793576,1275560.175,248452.9179,47.6715012,-122.314003
310,0,0,0,145.9640896,1275532.158,248469.9208,47.6715012,-122.314003
311,0,0,0,163.2026219,1275502.626,248484.1611,47.6716003,-122.3150024
312,0,0,0,173.425155,1275471.896,248495.6536,47.6716003,-122.3150024
313,0,0,0,224.908416,1275441.166,248507.146,47.6716003,-122.3150024
314,0,0,0,34.44748611,1275410.437,248518.6385,47.6716995,-122.3150024
315,0,0,0,176.8495838,1275379.707,248530.1309,47.6716995,-122.3150024
316,0,0,0,173.7016049,1275348.977,248541.6234,47.6716995,-122.3150024
317,0,0,0,3.294010107,1275318.248,248553.1159,47.6717987,-122.3150024
318,0,0,0,174.375911,1275287.518,248564.6083,47.6717987,-122.3150024
319,0,0,0,0,1275256.789,248576.1008,47.6717987,-122.3160019
320,0,0,0,214.9370181,1275226.059,248587.5932,47.6719017,-122.3160019
321,0,0,0,223.6788701,1275195.329,248599.0857,47.6719017,-122.3160019
322,0,0,0,26.52414224,1275195.633,248623.5436,47.6719017,-122.3160019
323,0,0,0,221.5585247,1275207.62,248654.075,47.6720009,-122.3160019
324,0,0,0,218.7126754,1275217.226,248685.4383,47.6721001,-122.3160019
325,0,0,0,216.5818827,1275225.334,248717.2256,47.6721992,-122.3160019
326,0,0,0,218.201826,1275230.569,248749.6135,47.6722984,-122.3160019
327,0,0,0,223.4312348,1275233.948,248782.2413,47.6724014,-122.3160019
328,0,0,0,220,1275235.747,248814.9759,47.6725006,-122.3160019
329,0,0,0,217.8585718,1275236.387,248847.778,47.6725998,-122.3160019
330,0,0,0,217.0774429,1275237.026,248880.5801,47.672699,-122.3160019
331,0,0,0,217.9133748,1275237.644,248913.3827,47.672699,-122.3160019
332,0,0,0,216.7114035,1275238.266,248946.1851,47.6727982,-122.3160019
333,0,0,0,218.1841278,1275238.901,248978.9873,47.6729012,-122.3160019
334,0,0,0,217.1890703,1275239.536,249011.7894,47.6730003,-122.3160019
335,0,0,0,217.9033088,1275240.172,249044.5916,47.6730995,-122.3160019
336,0,0,0,148.0829394,1275240.807,249077.3938,47.6731987,-122.3160019
337,0,0,0,218.0073152,1275241.442,249110.196,47.6733017,-122.3160019
338,0,0,0,217.0727364,1275242.072,249142.9983,47.6734009,-122.3160019
339,0,0,0,215,1275242.695,249175.8007,47.6735001,-122.3160019
340,0,0,0,214.2109355,1275243.318,249208.6031,47.6735992,-122.3160019
341,0,0,0,214.2855172,1275243.941,249241.4055,47.6735992,-122.3160019
342,0,0,0,214.8659453,1275244.565,249274.2079,47.6736984,-122.3160019
343,0,0,0,214.7577244,1275245.188,249307.0104,47.6738014,-122.3160019
344,0,0,0,214.1471438,1275245.811,249339.8128,47.6739006,-122.3160019
345,0,0,0,216,1275246.434,249372.6152,47.6739998,-122.3160019
346,0,0,0,217.5956789,1275247.058,249405.4176,47.674099,-122.3160019
347,0,0,0,218,1275247.687,249438.2199,47.6741982,-122.3160019
348,0,0,0,216,1275248.332,249471.0219,47.6743011,-122.3160019
349,0,0,0,216.4991372,1275248.977,249503.8239,47.6744003,-122.3160019
350,0,0,0,216.6133226,1275249.622,249536.6259,47.6744995,-122.3160019
351,0,0,0,217.4379542,1275250.268,249569.4279,47.6744995,-122.3160019
352,0,0,0,215.9887572,1275250.913,249602.2298,47.6745987,-122.3160019
353,0,0,0,214.7265225,1275251.558,249635.0318,47.6747017,-122.3160019
354,0,0,0,216.0687448,1275252.203,249667.8338,47.6748009,-122.3160019
355,0,0,0,217.6293002,1275252.848,249700.6358,47.6749001,-122.3160019
356,0,0,0,216.2658694,1275253.489,249733.4379,47.6749992,-122.3160019
357,0,0,0,216.316158,1275254.105,249766.2404,47.6750984,-122.3160019
358,0,0,0,217,1275254.722,249799.043,47.6752014,-122.3160019
359,0,0,0,229.7490726,1275255.338,249831.8455,47.6753006,-122.3160019
360,0,0,0,190.088647,1275255.955,249864.648,47.6753998,-122.3160019
361,0,0,0,143.3930244,1275256.571,249897.4506,47.6753998,-122.3160019
362,0,0,0,226.5873659,1275257.187,249930.2531,47.675499,-122.3160019
363,0,0,0,197.6363761,1275257.804,249963.0557,47.6755981,-122.3160019
364,0,0,0,0,1275258.42,249995.8582,47.6757011,-122.3160019
365,0,0,0,16.35092427,1275259.03,250028.6609,47.6758003,-122.3160019
366,0,0,0,175.6223805,1275230.946,250034.1986,47.6758003,-122.3160019
367,0,0,0,222.9179096,1275198.154,250035.2454,47.6758003,-122.3160019
368,0,0,0,224.4810519,1275165.362,250036.2921,47.6758003,-122.3160019
369,0,0,0,147.4934727,1275132.571,250037.3388,47.6758003,-122.3160019
370,0,0,0,217.0889488,1275099.779,250038.3855,47.6758003,-122.3160019
371,0,0,0,221.2394963,1275066.987,250039.4323,47.6758003,-122.3160019
372,0,0,0,80.34931634,1275034.196,250040.479,47.6758003,-122.3170013
373,0,0,0,220.0982072,1275001.404,250041.5257,47.6758003,-122.3170013
374,0,0,0,213.31137,1274968.613,250042.5724,47.6758003,-122.3170013
375,0,0,0,214.9794431,1274935.821,250043.6192,47.6758003,-122.3170013
376,0,0,0,211.263883,1274903.029,250044.6659,47.6758003,-122.3170013
377,0,0,0,219.3329459,1274870.238,250045.7126,47.6758003,-122.3170013
378,0,0,0,218.4972953,1274837.446,250046.7592,47.6758003,-122.3170013
379,0,0,0,81.33261115,1274804.654,250047.8027,47.6758003,-122.3180008
380,0,0,0,219.9609921,1274771.863,250048.8462,47.6758003,-122.3180008
381,0,0,0,217.5501375,1274739.071,250049.8897,47.6758003,-122.3180008
382,0,0,0,218.6564676,1274706.279,250050.9332,47.6758003,-122.3180008
383,0,0,0,219.5859581,1274673.487,250051.9769,47.6758003,-122.3180008
384,0,0,0,217.3744344,1274640.696,250053.0233,47.6758003,-122.3180008
385,0,0,0,236.4017908,1274607.904,250054.0697,47.6758003,-122.3180008
386,0,0,0,220.1868667,1274575.112,250055.116,47.6758003,-122.3180008
387,0,0,0,234.225847,1274542.321,250056.1624,47.6758003,-122.3190002
388,0,0,0,60.33666022,1274509.529,250057.2087,47.6758003,-122.3190002
389,0,0,0,219.5498156,1274476.737,250058.2464,47.6758003,-122.3190002
390,0,0,0,234.0775022,1274443.945,250059.2841,47.6758003,-122.3190002
391,0,0,0,82.85434976,1274411.153,250060.3219,47.6758003,-122.3190002
392,0,0,0,220.7144298,1274378.361,250061.3596,47.6758003,-122.3190002
393,0,0,0,216.0139723,1274345.57,250062.3996,47.6758003,-122.3190002
394,0,0,0,143.6347312,1274312.778,250063.4495,47.6758003,-122.3199997
395,0,0,0,239.4020683,1274279.987,250064.4994,47.6758003,-122.3199997
396,0,0,0,220.6387628,1274247.195,250065.5492,47.6758003,-122.3199997
397,0,0,0,230.530171,1274214.403,250066.5991,47.6758003,-122.3199997
398,0,0,0,219.5082322,1274181.612,250067.649,47.6758995,-122.3199997
399,0,0,0,223.0809611,1274148.814,250068.4565,47.6758995,-122.3199997
400,0,0,0,220.2304557,1274116.014,250069.2234,47.6758995,-122.3199997
401,0,0,0,221,1274083.215,250069.9903,47.6758995,-122.3199997
402,0,0,0,215.9932144,1274050.438,250071.4134,47.6758995,-122.3209991
403,0,0,0,220.7125748,1274017.66,250072.8449,47.6758995,-122.3209991
404,0,0,0,57.0537023,1273984.87,250073.9094,47.6758995,-122.3209991
405,0,0,0,89.46643227,1273952.078,250074.9593,47.6758995,-122.3209991
406,0,0,0,118.5467056,1273919.286,250076.0092,47.6758995,-122.3209991
407,0,0,0,62.59884259,1273886.495,250077.0591,47.6758995,-122.3209991
408,0,0,0,217.3715743,1273853.703,250078.0921,47.6758995,-122.3209991
409,0,0,0,140.4439563,1273820.91,250079.1071,47.6758995,-122.3209991
410,0,0,0,137.2378345,1273788.118,250080.122,47.6758995,-122.3219986
411,0,0,0,26.32367102,1273755.325,250081.137,47.6758995,-122.3219986
412,0,0,0,127.702847,1273728.05,250091.5535,47.6758995,-122.3219986
413,0,0,0,203.0979307,1273711.176,250119.6894,47.6759987,-122.3219986
414,0,0,0,218.5837084,1273694.301,250147.8254,47.6759987,-122.3219986
415,0,0,0,220.3375062,1273677.426,250175.9613,47.6761017,-122.3219986
416,0,0,0,53.38796283,1273660.551,250204.0972,47.6762009,-122.3219986
417,0,0,0,200.2940213,1273643.677,250232.2332,47.6763,-122.3219986
418,0,0,0,219.0978401,1273626.802,250260.3691,47.6763,-122.3219986
419,0,0,0,220.133432,1273609.927,250288.505,47.6763992,-122.3219986
420,0,0,0,178.37134,1273593.053,250316.6409,47.6764984,-122.3219986
421,0,0,0,221.78205,1273576.178,250344.7769,47.6766014,-122.322998
422,0,0,0,219.9659119,1273559.303,250372.9128,47.6767006,-122.322998
423,0,0,0,220.5452289,1273542.428,250401.0487,47.6767006,-122.322998
424,0,0,0,0,1273525.554,250429.1847,47.6767998,-122.322998
425,0,0,0,223.054767,1273508.679,250457.3206,47.676899,-122.322998
426,0,0,0,218.863408,1273491.804,250485.4565,47.6769981,-122.322998
427,0,0,0,232.9472166,1273474.929,250513.5924,47.6769981,-122.322998
428,0,0,0,0,1273458.055,250541.7284,47.6771011,-122.322998
429,0,0,0,75.69474549,1273441.18,250569.8643,47.6772003,-122.322998
430,0,0,0,198.8881063,1273424.305,250598.0002,47.6772995,-122.322998
431,0,0,0,18.69836207,1273407.431,250626.1362,47.6772995,-122.322998
432,0,0,0,223.8050945,1273390.556,250654.2721,47.6773987,-122.322998
433,0,0,0,107.9862396,1273373.681,250682.408,47.6775017,-122.322998
434,0,0,0,214.2379615,1273356.806,250710.5439,47.6776009,-122.322998
435,0,0,0,221.7926058,1273339.932,250738.6799,47.6776009,-122.3239975
436,0,0,0,218.8166533,1273322.635,250766.5578,47.6777,-122.3239975
437,0,0,0,220,1273305.31,250794.4189,47.6777992,-122.3239975
438,0,0,0,210.2258998,1273287.994,250822.2858,47.6778984,-122.3239975
439,0,0,0,220.0164603,1273270.687,250850.1575,47.6778984,-122.3239975
440,0,0,0,140.4986157,1273253.379,250878.0293,47.6780014,-122.3239975
441,0,0,0,106.4520578,1273236.072,250905.901,47.6781006,-122.3239975
442,0,0,0,173.4959251,1273218.764,250933.7728,47.6781998,-122.3239975
443,0,0,0,220.4976541,1273201.456,250961.6445,47.6781998,-122.3239975
444,0,0,0,219.8950468,1273184.149,250989.5163,47.678299,-122.3239975
445,0,0,0,202.5292697,1273166.841,251017.388,47.6783981,-122.3239975
446,0,0,0,220.3259681,1273149.534,251045.2598,47.6785011,-122.3239975
447,0,0,0,120.0917638,1273132.226,251073.1315,47.6786003,-122.3239975
448,0,0,0,164.1503063,1273114.919,251101.0033,47.6786003,-122.3239975
449,0,0,0,152.5980427,1273097.611,251128.875,47.6786995,-122.3249969
450,0,0,0,203.7741378,1273080.303,251156.7468,47.6787987,-122.3249969
451,0,0,0,170.9524694,1273062.996,251184.6185,47.6789017,-122.3249969
452,0,0,0,226.3390944,1273045.68,251212.4851,47.6789017,-122.3249969
453,0,0,0,41.27603855,1273028.356,251240.3467,47.6790009,-122.3249969
454,0,0,0,188.5108493,1273010.748,251268.0286,47.6791,-122.3249969
455,0,0,0,175.4908751,1272993.016,251295.6322,47.6791992,-122.3249969
456,0,0,0,42.95760508,1272975.284,251323.2358,47.6791992,-122.3249969
457,0,0,0,173.504644,1272957.551,251350.8394,47.6792984,-122.3249969
458,0,0,0,190.64305,1272939.004,251377.8625,47.6794014,-122.3249969
459,0,0,0,213.2184927,1272918.726,251403.654,47.6794014,-122.3249969
460,0,0,0,217.366687,1272898.449,251429.4456,47.6795006,-122.3249969
461,0,0,0,192.1795695,1272878.171,251455.2371,47.6795998,-122.3249969
462,0,0,0,202.460246,1272857.893,251481.0286,47.6796989,-122.3259964
463,0,0,0,142.3742853,1272837.616,251506.8201,47.6796989,-122.3259964
464,0,0,0,97.44661628,1272817.338,251532.6117,47.6797981,-122.3259964
465,0,0,0,217.4117824,1272809.531,251563.1504,47.6799011,-122.3259964
466,0,0,0,183.0346233,1272807.526,251595.8974,47.6800003,-122.3259964
467,0,0,0,192.9589361,1272805.52,251628.6444,47.6800995,-122.3259964
468,0,0,0,220.9900432,1272800.448,251660.9039,47.6800995,-122.3259964
469,0,0,0,142.9981441,1272792.201,251692.659,47.6801987,-122.3259964
470,0,0,0,220.0165711,1272782.857,251724.0582,47.6803017,-122.3259964
471,0,0,0,218.9555558,1272770.907,251754.6127,47.6804008,-122.3259964
472,0,0,0,219.5269379,1272758.661,251785.0316,47.6805,-122.3259964
473,0,0,0,201.0782085,1272743.319,251814.0321,47.6805992,-122.3259964
474,0,0,0,218.5781625,1272727.978,251843.0327,47.6805992,-122.3259964
475,0,0,0,145.297997,1272712.277,251871.8167,47.6806984,-122.3259964
476,0,0,0,218.2067662,1272693.809,251898.9333,47.6808014,-122.3259964
477,0,0,0,220.2590524,1272675.341,251926.05,47.6809006,-122.3259964
478,0,0,0,219.7809811,1272656.873,251953.1666,47.6809006,-122.3259964
479,0,0,0,218.2743285,1272637.776,251979.7293,47.6809998,-122.3259964
480,0,0,0,218.5354246,1272613.187,252001.4487,47.6810989,-122.3270035
481,0,0,0,211.5932681,1272588.597,252023.1682,47.6810989,-122.3270035
482,0,0,0,211.9386419,1272564.898,252045.8452,47.6811981,-122.3270035
483,0,0,0,221.0411286,1272541.468,252068.8109,47.6813011,-122.3270035
484,0,0,0,220.4227979,1272518.038,252091.7767,47.6813011,-122.3270035
485,0,0,0,219.8225695,1272494.609,252114.7424,47.6814003,-122.3270035
486,0,0,0,221.2490667,1272471.179,252137.7082,47.6814003,-122.3270035
487,0,0,0,220.5685474,1272447.749,252160.6739,47.6814995,-122.3270035
488,0,0,0,158.6562986,1272424.318,252183.6386,47.6815987,-122.3270035
489,0,0,0,152.9623759,1272400.886,252206.6021,47.6815987,-122.3270035
490,0,0,0,109.9882724,1272377.483,252229.5957,47.6817017,-122.3280029
491,0,0,0,190.0737028,1272354.127,252252.6369,47.6817017,-122.3280029
492,0,0,0,219.6549913,1272330.772,252275.6781,47.6818008,-122.3280029
493,0,0,0,213.0891769,1272307.416,252298.7194,47.6819,-122.3280029
494,0,0,0,221.2881551,1272284.06,252321.7606,47.6819,-122.3280029
495,0,0,0,220.9957599,1272260.705,252344.8018,47.6819992,-122.3280029
496,0,0,0,221.1247993,1272237.349,252367.843,47.6820984,-122.3280029
497,0,0,0,220.0158654,1272213.993,252390.8843,47.6820984,-122.3280029
498,0,0,0,219.4516342,1272189.901,252413.1191,47.6822014,-122.3280029
499,0,0,0,219.1605789,1272164.851,252434.3069,47.6822014,-122.3280029
500,0,0,0,245.0042323,1272139.802,252455.4947,47.6823006,-122.3290024
501,0,0,0,218.9129601,1272113.928,252475.5997,47.6823006,-122.3290024
502,0,0,0,195.8539131,1272086.843,252494.1143,47.6823997,-122.3290024
503,0,0,0,0,1272058.836,252511.1375,47.6823997,-122.3290024
504,0,0,0,194.7556666,1272030.174,252527.1022,47.6824989,-122.3290024
505,0,0,0,201.8251387,1272001.261,252542.5548,47.6824989,-122.3290024
506,0,0,0,186.3553012,1271971.094,252555.4538,47.6825981,-122.3290024
507,0,0,0,218.7784725,1271940.928,252568.3528,47.6825981,-122.3290024
508,0,0,0,226.5820581,1271909.942,252579.0458,47.6825981,-122.3290024
509,0,0,0,241.0599716,1271878.67,252588.9656,47.6825981,-122.3300018
510,0,0,0,248.2219011,1271846.555,252595.6356,47.6827011,-122.3300018
511,0,0,0,223.8870094,1271814.401,252602.1568,47.6827011,-122.3300018
512,0,0,0,211.0079407,1271782.242,252608.6516,47.6827011,-122.3300018
513,0,0,0,141.593093,1271749.741,252612.9711,47.6827011,-122.3300018
514,0,0,0,223.7829517,1271717.137,252616.6204,47.6827011,-122.3300018
515,0,0,0,220.904332,1271684.532,252620.2697,47.6827011,-122.3300018
516,0,0,0,97.76338682,1271651.79,252619.5916,47.6827011,-122.3310013
517,0,0,0,195.9175241,1271619.02,252618.0099,47.6827011,-122.3310013
518,0,0,0,133.8856001,1271586.337,252615.4551,47.6827011,-122.3310013
519,0,0,0,157.6481455,1271553.808,252611.1826,47.6827011,-122.3310013
520,0,0,0,224.6411663,1271521.279,252606.9101,47.6827011,-122.3310013
521,0,0,0,204.4954759,1271488.75,252602.6375,47.6827011,-122.3310013
522,0,0,0,225.7206674,1271456.221,252598.365,47.6825981,-122.3310013
523,0,0,0,225.5425339,1271423.563,252595.5993,47.6825981,-122.3310013
524,0,0,0,236.4160065,1271390.782,252594.2432,47.6825981,-122.3320007
525,0,0,0,222.3324579,1271358.017,252595.4194,47.6825981,-122.3320007
526,0,0,0,184.7348134,1271325.254,252597.1493,47.6825981,-122.3320007
527,0,0,0,223.0322648,1271292.491,252598.8792,47.6825981,-122.3320007
528,0,0,0,158.6202693,1271259.728,252600.6091,47.6825981,-122.3320007
529,0,0,0,152.0089869,1271227.035,252602.8175,47.6825981,-122.3320007
530,0,0,0,162.6690253,1271195.139,252610.4976,47.6827011,-122.3320007
531,0,0,0,86.04298418,1271163.242,252618.1778,47.6827011,-122.3320007
532,0,0,0,202.7120648,1271131.59,252626.6419,47.6827011,-122.3330002
533,0,0,0,206.7476956,1271100.981,252638.452,47.6827011,-122.3330002
534,0,0,0,106.218396,1271070.972,252651.5647,47.6828003,-122.3330002
535,0,0,0,224.0444761,1271042.108,252667.1617,47.6828003,-122.3330002
536,0,0,0,223.1721074,1271013.244,252682.7587,47.6828003,-122.3330002
537,0,0,0,217.6563272,1270984.749,252698.9216,47.6828995,-122.3330002
538,0,0,0,158.0457072,1270958.827,252719.0317,47.6828995,-122.3330002
539,0,0,0,204.729718,1270932.905,252739.1418,47.6829987,-122.3330002
540,0,0,0,157.3864834,1270906.982,252759.2518,47.6831017,-122.3339996
541,0,0,0,208.4482268,1270883.813,252782.4434,47.6831017,-122.3339996
542,0,0,0,149.1461009,1270860.922,252805.9468,47.6832008,-122.3339996
543,0,0,0,221.5800388,1270838.432,252829.7955,47.6832008,-122.3339996
544,0,0,0,88.63741258,1270818.527,252855.8756,47.6833,-122.3339996
545,0,0,0,127.6393213,1270798.621,252881.9556,47.6833992,-122.3339996
546,0,0,0,188.1773718,1270780.14,252909.0358,47.6834984,-122.3339996
547,0,0,0,166.8968762,1270762.352,252936.6035,47.6834984,-122.3339996
548,0,0,0,199.4222394,1270744.564,252964.1712,47.6836014,-122.3339996
549,0,0,0,220.9216811,1270726.776,252991.7389,47.6837006,-122.3339996
550,0,0,0,222,1270708.834,253019.2058,47.6837997,-122.3339996
551,0,0,0,222.975612,1270690.766,253046.5909,47.6837997,-122.3339996
552,0,0,0,215.3713547,1270672.698,253073.9759,47.6838989,-122.3349991
553,0,0,0,195.0161348,1270654.627,253101.3586,47.6839981,-122.3349991
554,0,0,0,204.7594201,1270636.555,253128.7412,47.6841011,-122.3349991
555,0,0,0,189.9707991,1270618.484,253156.1239,47.6841011,-122.3349991
556,0,0,0,179.3895264,1270600.413,253183.5066,47.6842003,-122.3349991
557,0,0,0,184.9956679,1270582.341,253210.8893,47.6842995,-122.3349991
558,0,0,0,174.3989922,1270564.27,253238.272,47.6842995,-122.3349991
559,0,0,0,221.2145333,1270546.328,253265.7392,47.6843987,-122.3349991
560,0,0,0,206.6881364,1270528.607,253293.3499,47.6845016,-122.3349991
561,0,0,0,198.5548266,1270510.886,253320.9606,47.6846008,-122.3349991
562,0,0,0,209.2950944,1270493.165,253348.5713,47.6847,-122.3349991
563,0,0,0,39.56008442,1270475.444,253376.1819,47.6847,-122.3349991
564,0,0,0,49.66163094,1270457.723,253403.7926,47.6847992,-122.3349991
565,0,0,0,178.5970894,1270440.002,253431.4033,47.6848984,-122.3349991
566,0,0,0,163.5297068,1270422.281,253459.014,47.6848984,-122.3359985
567,0,0,0,223.6921702,1270404.559,253486.6246,47.6850014,-122.3359985
568,0,0,0,220.438087,1270386.392,253513.9088,47.6851006,-122.3359985
569,0,0,0,222.9370723,1270365.455,253539.1685,47.6851997,-122.3359985
570,0,0,0,221.6545342,1270344.519,253564.4282,47.6851997,-122.3359985
571,0,0,0,222.9335008,1270321.788,253588.0145,47.6852989,-122.3359985
572,0,0,0,225.5265656,1270297.509,253610.0002,47.6853981,-122.3359985
573,0,0,0,221.9147411,1270270.595,253628.7624,47.6853981,-122.3359985
574,0,0,0,204.0518207,1270243.459,253647.1986,47.6855011,-122.3359985
575,0,0,0,154.5098771,1270216.188,253665.4391,47.6855011,-122.3359985
576,0,0,0,193.6614168,1270187.807,253681.6638,47.6855011,-122.336998
577,0,0,0,166.3991191,1270157.826,253694.9885,47.6856003,-122.336998
578,0,0,0,205.0946263,1270130.089,253709.6789,47.6856003,-122.336998
579,0,0,0,177.5083135,1270131.314,253742.4644,47.6856995,-122.336998
580,0,0,0,215.4290882,1270132.538,253775.2499,47.6857986,-122.336998
581,0,0,0,213.1947646,1270133.763,253808.0353,47.6859016,-122.336998
582,0,0,0,215.5274271,1270134.988,253840.8208,47.6860008,-122.336998
583,0,0,0,215.071942,1270136.212,253873.6063,47.6861,-122.336998
584,0,0,0,196.8588411,1270137.437,253906.3917,47.6861992,-122.336998
585,0,0,0,215.1545775,1270138.662,253939.1772,47.6861992,-122.336998
586,0,0,0,214.7059931,1270139.886,253971.9627,47.6862984,-122.336998
587,0,0,0,75.02297707,1270141.111,254004.7481,47.6864014,-122.336998
588,0,0,0,215.459896,1270142.336,254037.5336,47.6865005,-122.336998
589,0,0,0,174.1240729,1270144.365,254070.07,47.6865997,-122.336998
590,0,0,0,217.4893871,1270161.881,254097.8114,47.6866989,-122.336998
591,0,0,0,110.8954778,1270182.143,254123.6139,47.6867981,-122.336998
592,0,0,0,21.25607349,1270202.423,254149.4031,47.6867981,-122.336998
593,0,0,0,216.8072846,1270222.704,254175.1923,47.6869011,-122.3359985
594,0,0,0,150.4476885,1270235.526,254204.98,47.6870003,-122.3359985
595,0,0,0,212.4288808,1270238.083,254237.3917,47.6870995,-122.3359985
596,0,0,0,47.83968091,1270238.193,254270.1998,47.6871986,-122.3359985
597,0,0,0,176.355401,1270238.303,254303.008,47.6873016,-122.3359985
598,0,0,0,88.11429809,1270238.412,254335.8161,47.6873016,-122.3359985
599,0,0,0,210.2815851,1270238.516,254368.6243,47.6874008,-122.3359985
600,0,0,0,214.7899782,1270238.62,254401.4324,47.6875,-122.3359985
601,0,0,0,214.7054135,1270238.725,254434.2406,47.6875992,-122.3359985
602,0,0,0,214.4649941,1270238.829,254467.0488,47.6876984,-122.3359985
603,0,0,0,215.0290471,1270238.934,254499.8569,47.6878014,-122.3359985
604,0,0,0,217.4059789,1270239.038,254532.6651,47.6879005,-122.3359985
605,0,0,0,143.0902984,1270239.143,254565.4733,47.6879997,-122.3359985
606,0,0,0,155.4241255,1270239.247,254598.2814,47.6880989,-122.3359985
607,0,0,0,58.73450309,1270239.351,254631.0896,47.6880989,-122.3359985
608,0,0,0,134.3045153,1270239.456,254663.8978,47.6882019,-122.3359985
609,0,0,0,219,1270239.56,254696.7059,47.6883011,-122.3359985
610,0,0,0,210.1664607,1270239.665,254729.5141,47.6884003,-122.3359985
611,0,0,0,219.0400665,1270239.769,254762.3223,47.6884995,-122.3359985
612,0,0,0,72.3473944,1270239.874,254795.1304,47.6885986,-122.3359985
613,0,0,0,219.5518414,1270239.978,254827.9386,47.6887016,-122.3359985
614,0,0,0,219.4355235,1270240.185,254860.7463,47.6888008,-122.3359985
615,0,0,0,114.5592995,1270240.419,254893.5538,47.6889,-122.3359985
616,0,0,0,42.08465029,1270240.661,254926.3612,47.6889992,-122.3359985
617,0,0,0,197.1230443,1270240.906,254959.1686,47.6889992,-122.3359985
618,0,0,0,217.3376809,1270241.152,254991.976,47.6890984,-122.3359985
619,0,0,0,145.8553704,1270241.397,255024.7834,47.6892014,-122.3359985
620,0,0,0,219.956011,1270241.642,255057.5909,47.6893005,-122.3359985
621,0,0,0,221.4586922,1270241.888,255090.3983,47.6893997,-122.3359985
622,0,0,0,218.9694115,1270242.133,255123.2057,47.6894989,-122.3359985
623,0,0,0,187.5160095,1270242.379,255156.0131,47.6896019,-122.3359985
624,0,0,0,202.0798993,1270242.624,255188.8205,47.6897011,-122.3359985
625,0,0,0,104.3938457,1270242.87,255221.6279,47.6898003,-122.3359985
626,0,0,0,219.7106488,1270243.115,255254.4353,47.6898994,-122.3359985
627,0,0,0,154.1393656,1270243.361,255287.2428,47.6898994,-122.3359985
628,0,0,0,218.4087757,1270243.606,255320.0502,47.6899986,-122.3359985
629,0,0,0,217.3927878,1270243.852,255352.8576,47.6901016,-122.3359985
630,0,0,0,142.8849068,1270244.097,255385.665,47.6902008,-122.3359985
631,0,0,0,210.3651623,1270244.342,255418.4724,47.6903,-122.3359985
632,0,0,0,34.07971142,1270244.588,255451.2798,47.6903992,-122.3359985
633,0,0,0,215.2637222,1270244.833,255484.0873,47.6904984,-122.3359985
634,0,0,0,209.0105057,1270221.012,255493.5968,47.6904984,-122.336998
635,0,0,0,192.9027794,1270188.214,255494.4244,47.6904984,-122.336998
636,0,0,0,232.6281616,1270155.417,255495.26,47.6904984,-122.336998
637,0,0,0,230.038865,1270122.619,255496.0957,47.6904984,-122.336998
638,0,0,0,222.3924562,1270089.821,255496.9313,47.6904984,-122.336998
639,0,0,0,222.4305641,1270057.021,255497.6084,47.6904984,-122.336998
640,0,0,0,202.3406615,1270024.214,255497.948,47.6904984,-122.336998
641,0,0,0,221.7795007,1269991.407,255498.2875,47.6904984,-122.336998
642,0,0,0,223.0522331,1269958.601,255498.627,47.6904984,-122.3379974
643,0,0,0,98.8919095,1269925.794,255498.9666,47.6904984,-122.3379974
644,0,0,0,107.1541675,1269892.993,255499.5928,47.6904984,-122.3379974
645,0,0,0,214.1688882,1269860.197,255500.4926,47.6904984,-122.3379974
646,0,0,0,219.6050037,1269827.405,255501.5209,47.6904984,-122.3379974
647,0,0,0,221.9063676,1269794.612,255502.532,47.6904984,-122.3379974
648,0,0,0,187.4941606,1269761.819,255503.5431,47.6904984,-122.3379974
649,0,0,0,221.9571841,1269729.027,255504.5543,47.6904984,-122.3389969
650,0,0,0,222.5478726,1269696.234,255505.5654,47.6904984,-122.3389969
651,0,0,0,102.0067784,1269663.441,255506.5765,47.6904984,-122.3389969
652,0,0,0,220.8842851,1269630.648,255507.5877,47.6904984,-122.3389969
653,0,0,0,180.1369815,1269597.856,255508.5988,47.6904984,-122.3389969
654,0,0,0,220,1269565.063,255509.6066,47.6904984,-122.3389969
655,0,0,0,219.3339367,1269532.27,255510.6111,47.6904984,-122.3389969
656,0,0,0,220.4266141,1269499.477,255511.6156,47.6904984,-122.3389969
657,0,0,0,105.2984461,1269466.684,255512.6201,47.6904984,-122.3399963
658,0,0,0,171.9678727,1269433.891,255513.6246,47.6904984,-122.3399963
659,0,0,0,109.5483315,1269401.098,255514.6291,47.6904984,-122.3399963
660,0,0,0,220.2191345,1269368.305,255515.6336,47.6904984,-122.3399963
661,0,0,0,169.5211713,1269335.512,255516.6381,47.6904984,-122.3399963
662,0,0,0,219.4974141,1269302.719,255517.6523,47.6904984,-122.3399963
663,0,0,0,219.3815475,1269269.927,255518.6851,47.6904984,-122.3399963
664,0,0,0,218.2372409,1269237.135,255519.7097,47.6904984,-122.3410034
665,0,0,0,221.335081,1269204.342,255520.7222,47.6904984,-122.3410034
666,0,0,0,222.9943884,1269171.55,255521.7347,47.6904984,-122.3410034
667,0,0,0,130.2815048,1269138.757,255522.7471,47.6904984,-122.3410034
668,0,0,0,221.1252908,1269105.964,255523.7596,47.6904984,-122.3410034
669,0,0,0,220.1637109,1269073.171,255524.7721,47.6904984,-122.3410034
670,0,0,0,249.5669139,1269040.379,255525.7884,47.6904984,-122.3410034
671,0,0,0,222.6499157,1269007.587,255526.8144,47.6904984,-122.3410034
672,0,0,0,224.2220045,1268974.794,255527.8398,47.6904984,-122.3420029
673,0,0,0,130.5927344,1268942.002,255528.8651,47.6904984,-122.3420029
674,0,0,0,221.4370185,1268909.209,255529.8838,47.6904984,-122.3420029
675,0,0,0,244.9825844,1268876.416,255530.8857,47.6904984,-122.3420029
676,0,0,0,220.4702212,1268843.623,255531.8876,47.6904984,-122.3420029
677,0,0,0,220.2853116,1268810.83,255532.8895,47.6904984,-122.3420029
678,0,0,0,244.6493943,1268778.037,255533.8939,47.6904984,-122.3420029
679,0,0,0,218.8243776,1268745.245,255534.909,47.6904984,-122.3430023
680,0,0,0,141.4674337,1268712.452,255535.9241,47.6904984,-122.3430023
681,0,0,0,141.0526269,1268679.66,255536.9392,47.6904984,-122.3430023
682,0,0,0,161.732823,1268646.867,255537.9543,47.6906013,-122.3430023
683,0,0,0,80.01281017,1268614.074,255538.9694,47.6906013,-122.3430023
684,0,0,0,153.6326673,1268581.282,255539.9845,47.6906013,-122.3430023
685,0,0,0,74.96675081,1268548.489,255540.9997,47.6906013,-122.3430023
686,0,0,0,197.849964,1268515.696,255541.9895,47.6906013,-122.3430023
687,0,0,0,163.8657836,1268482.897,255542.7808,47.6906013,-122.3440018
688,0,0,0,197.4611446,1268450.098,255543.5721,47.6906013,-122.3440018
689,0,0,0,192.1176618,1268417.299,255544.3633,47.6906013,-122.3440018
690,0,0,0,218.5535462,1268384.501,255545.1546,47.6906013,-122.3440018
691,0,0,0,187.3043809,1268351.702,255545.9459,47.6906013,-122.3440018
692,0,0,0,173.3869649,1268318.903,255546.7372,47.6906013,-122.3440018
693,0,0,0,218,1268286.104,255547.5285,47.6906013,-122.3440018
694,0,0,0,217.0487773,1268253.306,255548.3623,47.6906013,-122.3450012
695,0,0,0,103.4478574,1268220.51,255549.2376,47.6906013,-122.3450012
696,0,0,0,229.9132062,1268187.713,255550.1152,47.6906013,-122.3450012
697,0,0,0,212.4443214,1268154.917,255550.9928,47.6906013,-122.3450012
698,0,0,0,210.8413182,1268122.12,255551.8705,47.6906013,-122.3450012
699,0,0,0,225.1911767,1268089.323,255552.7481,47.6906013,-122.3450012
700,0,0,0,214.1973114,1268056.527,255553.6257,47.6906013,-122.3450012
701,0,0,0,234.2750154,1268023.73,255554.5034,47.6906013,-122.3450012
702,0,0,0,219.1493106,1267990.934,255555.381,47.6906013,-122.3460007
703,0,0,0,244.3082218,1267958.137,255556.2586,47.6906013,-122.3460007
704,0,0,0,175.7886815,1267925.34,255557.1362,47.6906013,-122.3460007
705,0,0,0,214.7059551,1267892.544,255558.0139,47.6906013,-122.3460007
706,0,0,0,214.5064939,1267859.747,255558.8915,47.6906013,-122.3460007
707,0,0,0,103.7080757,1267826.951,255559.7691,47.6906013,-122.3460007
708,0,0,0,206.0094074,1267794.154,255560.6468,47.6906013,-122.3460007
709,0,0,0,221.4452705,1267761.357,255561.5244,47.6906013,-122.3470001
710,0,0,0,247.3241245,1267728.561,255562.402,47.6906013,-122.3470001
711,0,0,0,216.1890613,1267695.764,255563.2796,47.6906013,-122.3470001
712,0,0,0,215.4156348,1267662.968,255564.1573,47.6906013,-122.3470001
713,0,0,0,218.9144629,1267630.171,255565.0349,47.6906013,-122.3470001
714,0,0,0,220.6569986,1267597.375,255565.9125,47.6906013,-122.3470001
715,0,0,0,48.01512116,1267564.576,255566.7141,47.6906013,-122.3470001
716,0,0,0,217.1072501,1267531.777,255567.5072,47.6906013,-122.3470001
717,0,0,0,216.9771337,1267498.978,255568.3003,47.6906013,-122.3479996
718,0,0,0,216.7734298,1267466.18,255569.0934,47.6906013,-122.3479996
719,0,0,0,123.9018947,1267433.381,255569.8865,47.6906013,-122.3479996
720,0,0,0,216.8787047,1267400.582,255570.6796,47.6906013,-122.3479996
721,0,0,0,10.11952672,1267367.784,255571.4727,47.6906013,-122.3479996
722,0,0,0,7.016908881,1267334.985,255572.2658,47.6906013,-122.3479996
723,0,0,0,187.9563668,1267302.186,255573.0589,47.6906013,-122.3479996
724,0,0,0,214.5962717,1267269.387,255573.852,47.6906013,-122.348999
725,0,0,0,216.3342635,1267236.589,255574.6451,47.6906013,-122.348999
726,0,0,0,175.0545249,1267203.79,255575.4382,47.6906013,-122.348999
727,0,0,0,148.3346315,1267170.991,255576.2313,47.6906013,-122.348999
728,0,0,0,215.9590108,1267138.192,255577.0244,47.6906013,-122.348999
729,0,0,0,139.7822099,1267105.394,255577.8176,47.6906013,-122.348999
730,0,0,0,207.9025961,1267072.595,255578.6107,47.6906013,-122.348999
731,0,0,0,215.5453998,1267039.796,255579.4038,47.6906013,-122.348999
732,0,0,0,133.6460388,1267006.997,255580.1969,47.6906013,-122.3499985
733,0,0,0,122.2602553,1266974.199,255580.99,47.6906013,-122.3499985
734,0,0,0,220.3170068,1266941.4,255581.7831,47.6906013,-122.3499985
735,0,0,0,43.65820939,1266908.601,255582.582,47.6906013,-122.3499985
736,0,0,0,252.892069,1266875.803,255583.3848,47.6906013,-122.3499985
737,0,0,0,217.1549132,1266843.004,255584.1876,47.6906013,-122.3499985
738,0,0,0,107.4045176,1266810.206,255584.9864,47.6906013,-122.3499985
739,0,0,0,216.9164603,1266777.407,255585.7852,47.6906013,-122.3509979
740,0,0,0,216.5337406,1266744.608,255586.5839,47.6906013,-122.3509979
741,0,0,0,215.4631911,1266711.81,255587.3827,47.6906013,-122.3509979
742,0,0,0,216.0299758,1266679.011,255588.1815,47.6906013,-122.3509979
743,0,0,0,124.848441,1266646.213,255588.9802,47.6906013,-122.3509979
744,0,0,0,171.029209,1266613.414,255589.779,47.6906013,-122.3509979
745,0,0,0,252.7295799,1266580.615,255590.5778,47.6906013,-122.3509979
746,0,0,0,166.8764052,1266547.817,255591.3729,47.6906013,-122.3509979
747,0,0,0,217.9001345,1266515.018,255592.1675,47.6906013,-122.3519974
748,0,0,0,211.0986369,1266482.219,255592.962,47.6906013,-122.3519974
749,0,0,0,217.1764957,1266449.421,255593.7566,47.6906013,-122.3519974
750,0,0,0,82.81062777,1266416.622,255594.5511,47.6906013,-122.3519974
751,0,0,0,223.7142318,1266383.823,255595.3456,47.6906013,-122.3519974
752,0,0,0,235.7623097,1266351.024,255596.1402,47.6906013,-122.3519974
753,0,0,0,232.9518333,1266318.226,255596.9347,47.6906013,-122.3519974
754,0,0,0,96.31235803,1266285.427,255597.7293,47.6906013,-122.3529968
755,0,0,0,190.0567214,1266252.628,255598.5224,47.6906013,-122.3529968
756,0,0,0,157.621274,1266219.829,255599.3137,47.6906013,-122.3529968
757,0,0,0,227.6006948,1266187.031,255600.1049,47.6906013,-122.3529968
758,0,0,0,225.1755355,1266154.232,255600.8961,47.6906013,-122.3529968
759,0,0,0,222.7715667,1266121.433,255601.6873,47.6906013,-122.3529968
760,0,0,0,235.1331645,1266088.634,255602.4785,47.6906013,-122.3529968
761,0,0,0,235.3928106,1266055.835,255603.2697,47.6906013,-122.3529968
762,0,0,0,231.1452627,1266023.037,255604.0609,47.6906013,-122.3539963
763,0,0,0,223.7594413,1265990.238,255604.8521,47.6906013,-122.3539963
764,0,0,0,218.3901371,1265957.439,255605.6433,47.6906013,-122.3539963
765,0,0,0,218.931503,1265924.64,255606.4329,47.6906013,-122.3539963
766,0,0,0,221.8259565,1265891.841,255607.2202,47.6906013,-122.3539963
767,0,0,0,182.6483937,1265859.042,255608.0076,47.6906013,-122.3539963
768,0,0,0,230.2782332,1265826.244,255608.795,47.6906013,-122.3539963
769,0,0,0,217.4334808,1265793.445,255609.5824,47.6906013,-122.3550034
770,0,0,0,168.8971626,1265760.646,255610.3697,47.6906013,-122.3550034
771,0,0,0,174.3262407,1265727.847,255611.1571,47.6906013,-122.3550034
772,0,0,0,3.351687667,1265695.048,255611.9445,47.6906013,-122.3550034
773,0,0,0,247.0805174,1265662.249,255612.7319,47.6906013,-122.3550034
774,0,0,0,190.9813594,1265629.45,255613.5193,47.6906013,-122.3550034
775,0,0,0,220.7141926,1265596.652,255614.3253,47.6906013,-122.3550034
776,0,0,0,205.1034193,1265563.857,255615.2501,47.6906013,-122.3550034
777,0,0,0,0,1265531.061,255616.1749,47.6906013,-122.3560028
778,0,0,0,98.06570384,1265498.266,255617.0997,47.6906013,-122.3560028
779,0,0,0,220.5455206,1265465.471,255618.0245,47.6906013,-122.3560028
780,0,0,0,0,1265432.675,255618.9493,47.6906013,-122.3560028
781,0,0,0,19.51353516,1265399.88,255619.8741,47.6906013,-122.3560028
782,0,0,0,104.7479274,1265367.085,255620.799,47.6906013,-122.3560028
783,0,0,0,0.691766183,1265334.29,255621.7238,47.6906013,-122.3560028
784,0,0,0,84.46451454,1265301.494,255622.6486,47.6906013,-122.3570023
785,0,0,0,152.676923,1265268.699,255623.5728,47.6906013,-122.3570023
786,0,0,0,247.3546358,1265235.903,255624.4907,47.6906013,-122.3570023
787,0,0,0,137.1866293,1265203.108,255625.4086,47.6906013,-122.3570023
788,0,0,0,221.3960774,1265170.312,255626.3265,47.6906013,-122.3570023
789,0,0,0,237.7095562,1265137.517,255627.2445,47.6906013,-122.3570023
790,0,0,0,242.9037105,1265104.721,255628.1624,47.6906013,-122.3570023
791,0,0,0,226.0348512,1265071.926,255629.0803,47.6906013,-122.3570023
792,0,0,0,118.9564769,1265039.13,255629.9982,47.6906013,-122.3580017
793,0,0,0,187.941306,1265006.335,255630.9279,47.6906013,-122.3580017
794,0,0,0,92.02830536,1264973.541,255631.8719,47.6906013,-122.3580017
795,0,0,0,225.2817175,1264940.746,255632.8155,47.6906013,-122.3580017
796,0,0,0,169.7190526,1264907.951,255633.7421,47.6906013,-122.3580017
797,0,0,0,243.3860144,1264875.155,255634.6687,47.6906013,-122.3580017
798,0,0,0,249.4007191,1264842.36,255635.5953,47.6906013,-122.3580017
799,0,0,0,245.6547655,1264809.565,255636.5219,47.6906013,-122.3590012
800,0,0,0,235.8374633,1264776.77,255637.4484,47.6906013,-122.3590012
801,0,0,0,240.6415291,1264743.974,255638.375,47.6906013,-122.3590012
802,0,0,0,32.12463965,1264711.179,255639.3016,47.6906013,-122.3590012
803,0,0,0,239.3850502,1264678.384,255640.2282,47.6906013,-122.3590012
804,0,0,0,251.5289156,1264645.589,255641.1548,47.6906013,-122.3590012
805,0,0,0,245.1503868,1264612.793,255642.0814,47.6906013,-122.3590012
806,0,0,0,220.3010386,1264579.998,255643.0079,47.6906013,-122.3590012
807,0,0,0,223.2274289,1264547.203,255643.9345,47.6906013,-122.3600006
808,0,0,0,221.101827,1264514.408,255644.8611,47.6906013,-122.3600006
809,0,0,0,244.2355445,1264481.612,255645.7877,47.6906013,-122.3600006
810,0,0,0,222.5242448,1264448.817,255646.7143,47.6906013,-122.3600006
811,0,0,0,182.778238,1264416.022,255647.6408,47.6906013,-122.3600006
812,0,0,0,107.7058659,1264383.227,255648.5674,47.6906013,-122.3600006
813,0,0,0,209.9437113,1264350.432,255649.5096,47.6906013,-122.3600006
814,0,0,0,213.9403737,1264317.637,255650.457,47.6906013,-122.3610001
815,0,0,0,229.1155341,1264284.843,255651.4043,47.6906013,-122.3610001
816,0,0,0,122.5188278,1264252.047,255652.3264,47.6906013,-122.3610001
817,0,0,0,45.58751065,1264219.252,255653.2484,47.6906013,-122.3610001
818,0,0,0,221.8009434,1264186.456,255654.1705,47.6906013,-122.3610001
819,0,0,0,243.4714764,1264153.661,255655.0926,47.6906013,-122.3610001
820,0,0,0,221.0970919,1264120.866,255656.0146,47.6906013,-122.3610001
821,0,0,0,223.2270062,1264088.07,255656.9367,47.6906013,-122.3610001
822,0,0,0,169.7131983,1264055.275,255657.8587,47.6906013,-122.3619995
823,0,0,0,221.6010888,1264022.48,255658.7808,47.6906013,-122.3619995
824,0,0,0,221.7080807,1263989.684,255659.7028,47.6906013,-122.3619995
825,0,0,0,225.1319618,1263956.889,255660.6249,47.6906013,-122.3619995
826,0,0,0,168.9627152,1263924.093,255661.547,47.6906013,-122.3619995
827,0,0,0,222.0704957,1263891.298,255662.469,47.6906013,-122.3619995
828,0,0,0,222.7570469,1263858.503,255663.3911,47.6906013,-122.3619995
829,0,0,0,220.9883993,1263825.707,255664.3131,47.6906013,-122.362999
830,0,0,0,222.2214846,1263792.912,255665.2352,47.6906013,-122.362999
831,0,0,0,223.636162,1263760.117,255666.1572,47.6906013,-122.362999
832,0,0,0,223.276774,1263727.321,255667.0793,47.6906013,-122.362999
833,0,0,0,222.7504674,1263694.526,255668.0014,47.6906013,-122.362999
834,0,0,0,222.8434155,1263661.73,255668.9234,47.6906013,-122.362999
835,0,0,0,220.3216842,1263628.935,255669.8455,47.6906013,-122.362999
836,0,0,0,66.2017126,1263596.14,255670.7722,47.6906013,-122.362999
837,0,0,0,223,1263563.345,255671.6993,47.6906013,-122.3639984
838,0,0,0,223.1144272,1263530.549,255672.6263,47.6906013,-122.3639984
839,0,0,0,156.7797176,1263497.754,255673.5533,47.6906013,-122.3639984
840,0,0,0,222.0375381,1263464.959,255674.4804,47.6906013,-122.3639984
841,0,0,0,221.4503988,1263432.164,255675.4074,47.6906013,-122.3639984
842,0,0,0,167.3278603,1263399.368,255676.3345,47.6906013,-122.3639984
843,0,0,0,222.0327589,1263366.573,255677.2615,47.6906013,-122.3639984
844,0,0,0,221.2609951,1263333.778,255678.1885,47.6906013,-122.3649979
845,0,0,0,221.9272109,1263300.983,255679.1156,47.6906013,-122.3649979
846,0,0,0,195.130505,1263268.187,255680.0426,47.6906013,-122.3649979
847,0,0,0,134.1517284,1263235.392,255680.9697,47.6907005,-122.3649979
848,0,0,0,222.4164897,1263202.597,255681.8967,47.6907005,-122.3649979
849,0,0,0,222.5497196,1263169.802,255682.8237,47.6907005,-122.3649979
850,0,0,0,221.5679389,1263137.007,255683.7508,47.6907005,-122.3649979
851,0,0,0,222.4466436,1263104.211,255684.6778,47.6907005,-122.3649979
852,0,0,0,222.7914124,1263071.416,255685.6049,47.6907005,-122.3659973
853,0,0,0,205.7084385,1263038.621,255686.5319,47.6907005,-122.3659973
854,0,0,0,220.7068798,1263005.826,255687.4589,47.6907005,-122.3659973
855,0,0,0,220.1880369,1262973.03,255688.386,47.6907005,-122.3659973
856,0,0,0,90.48804339,1262940.226,255688.8907,47.6907005,-122.3659973
857,0,0,0,239.4116625,1262907.421,255689.3362,47.6907005,-122.3659973
858,0,0,0,239.722297,1262874.616,255689.7817,47.6907005,-122.3659973
859,0,0,0,208.2521187,1262841.81,255690.2273,47.6907005,-122.3669968
860,0,0,0,248.561307,1262809.005,255690.6728,47.6907005,-122.3669968
861,0,0,0,112.7287419,1262776.2,255691.1056,47.6907005,-122.3669968
862,0,0,0,243.0962123,1262743.394,255691.5375,47.6907005,-122.3669968
863,0,0,0,247.8786097,1262710.589,255691.9694,47.6907005,-122.3669968
864,0,0,0,220.0242116,1262677.783,255692.4014,47.6907005,-122.3669968
865,0,0,0,174.028361,1262644.978,255692.8402,47.6907005,-122.3669968
866,0,0,0,221.5921919,1262612.173,255693.2944,47.6907005,-122.3669968
867,0,0,0,110.369282,1262579.367,255693.7486,47.6906013,-122.3679962
868,0,0,0,222.959218,1262546.562,255694.2029,47.6906013,-122.3679962
869,0,0,0,78.35476896,1262513.757,255694.6571,47.6906013,-122.3679962
870,0,0,0,223,1262480.952,255695.1113,47.6906013,-122.3679962
871,0,0,0,222.2719072,1262448.147,255695.5656,47.6906013,-122.3679962
872,0,0,0,219.1797148,1262415.341,255696.0198,47.6906013,-122.3679962
873,0,0,0,221.2562149,1262382.536,255696.4697,47.6906013,-122.3679962
874,0,0,0,217.7600611,1262349.731,255696.9124,47.6906013,-122.3690033
875,0,0,0,126.7790753,1262316.925,255697.3552,47.6906013,-122.3690033
876,0,0,0,182.0970111,1262284.12,255697.798,47.6906013,-122.3690033
877,0,0,0,223.0273334,1262251.315,255698.2408,47.6906013,-122.3690033
878,0,0,0,223.473284,1262218.509,255698.6836,47.6906013,-122.3690033
879,0,0,0,219.8447467,1262185.704,255699.1263,47.6906013,-122.3690033
880,0,0,0,222.0716877,1262152.899,255699.5691,47.6906013,-122.3690033
881,0,0,0,118.4968876,1262120.094,255700.0198,47.6906013,-122.3690033
882,0,0,0,222.1858793,1262087.288,255700.4739,47.6906013,-122.3700027
883,0,0,0,222.5317983,1262054.483,255700.9279,47.6906013,-122.3700027
884,0,0,0,93.06881182,1262021.678,255701.382,47.6906013,-122.3700027
885,0,0,0,222.9680533,1261988.873,255701.8361,47.6906013,-122.3700027
886,0,0,0,173.7341146,1261956.068,255702.2901,47.6906013,-122.3700027
887,0,0,0,179.2121965,1261923.262,255702.7442,47.6906013,-122.3700027
888,0,0,0,218.8262907,1261890.457,255703.1982,47.6906013,-122.3700027
889,0,0,0,17.86166634,1261857.652,255703.6485,47.6906013,-122.3710022
890,0,0,0,222.9446219,1261824.847,255704.0977,47.6906013,-122.3710022
891,0,0,0,222.4812425,1261792.041,255704.547,47.6906013,-122.3710022
892,0,0,0,222.3717449,1261759.236,255704.9962,47.6906013,-122.3710022
893,0,0,0,223.2345702,1261726.431,255705.4454,47.6906013,-122.3710022
894,0,0,0,222.5183097,1261693.626,255705.8946,47.6906013,-122.3710022
895,0,0,0,220.9421701,1261660.82,255706.3438,47.6906013,-122.3710022
896,0,0,0,221.2451779,1261628.015,255706.793,47.6906013,-122.3710022
897,0,0,0,223.6460537,1261595.21,255707.2363,47.6906013,-122.3720016
898,0,0,0,162.3047329,1261562.404,255707.6794,47.6906013,-122.3720016
899,0,0,0,223.8558469,1261529.599,255708.1226,47.6906013,-122.3720016
900,0,0,0,224.1115225,1261496.794,255708.5658,47.6906013,-122.3720016
901,0,0,0,138.4050112,1261463.988,255709.009,47.6906013,-122.3720016
902,0,0,0,217.0831872,1261431.183,255709.4521,47.6906013,-122.3720016
903,0,0,0,222.0022997,1261398.378,255709.8953,47.6906013,-122.3720016
904,0,0,0,223.8609109,1261365.572,255710.3385,47.6906013,-122.3730011
905,0,0,0,227.6749694,1261332.767,255710.7817,47.6906013,-122.3730011
906,0,0,0,221.0169982,1261299.962,255711.2251,47.6906013,-122.3730011
907,0,0,0,10.44818381,1261267.156,255711.6724,47.6906013,-122.3730011
908,0,0,0,82.91684909,1261234.351,255712.1197,47.6906013,-122.3730011
909,0,0,0,222.3636237,1261201.546,255712.5671,47.6906013,-122.3730011
910,0,0,0,239.3826721,1261168.741,255713.0144,47.6906013,-122.3730011
911,0,0,0,161.7033513,1261135.935,255713.4618,47.6906013,-122.3730011
912,0,0,0,125.5816967,1261103.13,255713.9091,47.6906013,-122.3740005
913,0,0,0,221.5302395,1261070.325,255714.3565,47.6906013,-122.3740005
914,0,0,0,185.1072653,1261037.519,255714.8038,47.6906013,-122.3740005
915,0,0,0,169.0066677,1261004.714,255715.2512,47.6906013,-122.3740005
916,0,0,0,177.4768942,1260971.909,255715.6985,47.6906013,-122.3740005
917,0,0,0,221.3901778,1260939.104,255716.1491,47.6906013,-122.3740005
918,0,0,0,221.198776,1260906.298,255716.5996,47.6906013,-122.3740005
919,0,0,0,245.5521544,1260873.493,255717.0502,47.6906013,-122.375
920,0,0,0,221.7981079,1260840.688,255717.5008,47.6906013,-122.375
921,0,0,0,220.1083126,1260807.883,255717.9514,47.6906013,-122.375
922,0,0,0,221.1245604,1260775.077,255718.4019,47.6906013,-122.375
923,0,0,0,220.919613,1260742.272,255718.8525,47.6906013,-122.375
924,0,0,0,220.1487657,1260709.467,255719.3031,47.6906013,-122.375
925,0,0,0,134.175758,1260676.662,255719.7537,47.6906013,-122.375
926,0,0,0,221.9819149,1260643.856,255720.1953,47.6906013,-122.375
927,0,0,0,53.66155988,1260611.051,255720.6432,47.6906013,-122.3759995
928,0,0,0,220,1260578.246,255721.0945,47.6906013,-122.3759995
929,0,0,0,52.5201524,1260545.441,255721.5457,47.6906013,-122.3759995
930,0,0,0,220.4489326,1260512.635,255721.9969,47.6906013,-122.3759995
931,0,0,0,220.6942588,1260479.83,255722.4482,47.6906013,-122.3759995
932,0,0,0,220.4921605,1260447.025,255722.8994,47.6906013,-122.3759995
933,0,0,0,221,1260414.22,255723.3507,47.6906013,-122.3759995
934,0,0,0,220.3563684,1260381.414,255723.7957,47.6906013,-122.3769989
935,0,0,0,15.91268667,1260348.609,255724.2332,47.6906013,-122.3769989
936,0,0,0,223.1997089,1260315.804,255724.6706,47.6906013,-122.3769989
937,0,0,0,209.1165386,1260282.999,255725.1569,47.6906013,-122.3769989
938,0,0,0,236.3416799,1260250.194,255725.6637,47.6906013,-122.3769989
939,0,0,0,248.7080658,1260217.39,255726.1705,47.6906013,-122.3769989
940,0,0,0,245.0028586,1260184.586,255726.6773,47.6906013,-122.3769989
941,0,0,0,245.6854881,1260151.781,255727.184,47.6906013,-122.3769989
942,0,0,0,120.5921369,1260118.977,255727.6908,47.6906013,-122.3779984
943,0,0,0,233.2719935,1260086.172,255728.1976,47.6906013,-122.3779984
944,0,0,0,217.8547611,1260053.368,255728.7044,47.6906013,-122.3779984
945,0,0,0,246.6628621,1260020.564,255729.2126,47.6906013,-122.3779984
946,0,0,0,242.322345,1259987.759,255729.7217,47.6906013,-122.3779984
947,0,0,0,220.4811327,1259954.955,255730.2307,47.6906013,-122.3779984
948,0,0,0,219.8749329,1259922.15,255730.7398,47.6906013,-122.3779984
949,0,0,0,237.2350033,1259889.346,255731.2489,47.6906013,-122.3789978
950,0,0,0,219.9943365,1259856.542,255731.758,47.6906013,-122.3789978
951,0,0,0,220.3687585,1259823.737,255732.2671,47.6906013,-122.3789978
952,0,0,0,220.8761776,1259790.933,255732.7762,47.6906013,-122.3789978
953,0,0,0,111.1031152,1259758.128,255733.2854,47.6906013,-122.3789978
954,0,0,0,225.3377472,1259725.324,255733.7949,47.6906013,-122.3789978
955,0,0,0,221.1641622,1259692.52,255734.3043,47.6906013,-122.3789978
956,0,0,0,222.7127584,1259659.715,255734.8137,47.6906013,-122.3789978
957,0,0,0,236.431367,1259626.911,255735.3232,47.6906013,-122.3799973
958,0,0,0,220.7552806,1259594.107,255735.8326,47.6906013,-122.3799973
959,0,0,0,185.0918361,1259561.302,255736.342,47.6906013,-122.3799973
960,0,0,0,221.3144561,1259528.498,255736.8514,47.6906013,-122.3799973
961,0,0,0,43.55120007,1259495.693,255737.3619,47.6906013,-122.3799973
962,0,0,0,221.3072294,1259462.889,255737.8733,47.6906013,-122.3799973
963,0,0,0,179.8009676,1259430.085,255738.3847,47.6906013,-122.3799973
964,0,0,0,221.058444,1259397.28,255738.8961,47.6906013,-122.3799973
965,0,0,0,176.8223009,1259364.476,255739.4075,47.6906013,-122.3809967
966,0,0,0,246.645502,1259331.672,255739.9189,47.6906013,-122.3809967
967,0,0,0,224.4121125,1259298.867,255740.4303,47.6906013,-122.3809967
968,0,0,0,222.6168244,1259266.063,255740.9417,47.6906013,-122.3809967
969,0,0,0,77.02210279,1259233.258,255741.4208,47.6906013,-122.3809967
970,0,0,0,221.4972744,1259200.453,255741.8668,47.6906013,-122.3809967
971,0,0,0,222.0416817,1259167.648,255742.3128,47.6906013,-122.3809967
972,0,0,0,170.8378329,1259134.842,255742.7589,47.6906013,-122.3820038
973,0,0,0,219.9319701,1259102.038,255743.2593,47.6906013,-122.3820038
974,0,0,0,217.276592,1259069.234,255743.8238,47.6906013,-122.3820038
975,0,0,0,220.8196227,1259036.431,255744.3875,47.6906013,-122.3820038
976,0,0,0,244.1525653,1259003.627,255744.9509,47.6906013,-122.3820038
977,0,0,0,222.3474945,1258970.824,255745.4944,47.6906013,-122.3820038
978,0,0,0,221.4791449,1258938.019,255746.0057,47.6906013,-122.3820038
979,0,0,0,222.4565284,1258905.215,255746.5169,47.6906013,-122.3820038
980,0,0,0,221.9255283,1258872.411,255747.0282,47.6906013,-122.3830032
981,0,0,0,179.1432718,1258839.606,255747.5394,47.6906013,-122.3830032
982,0,0,0,226.7817,1258806.802,255748.0507,47.6906013,-122.3830032
983,0,0,0,220.230531,1258773.997,255748.5619,47.6906013,-122.3830032
984,0,0,0,180.850572,1258741.193,255749.0732,47.6906013,-122.3830032
985,0,0,0,243.0910873,1258708.389,255749.5841,47.6906013,-122.3830032
986,0,0,0,220.4873696,1258675.584,255750.0931,47.6906013,-122.3830032
987,0,0,0,220.4314361,1258642.78,255750.6022,47.6906013,-122.3840027
988,0,0,0,214.6914733,1258609.976,255751.1112,47.6906013,-122.3840027
989,0,0,0,219.6223156,1258577.171,255751.6203,47.6906013,-122.3840027
990,0,0,0,221.361877,1258544.367,255752.1293,47.6906013,-122.3840027
991,0,0,0,245.1498456,1258511.562,255752.6383,47.6906013,-122.3840027
992,0,0,0,181.0237692,1258478.758,255753.1474,47.6906013,-122.3840027
993,0,0,0,219.906292,1258445.954,255753.6565,47.6906013,-122.3840027
994,0,0,0,198.6450041,1258413.149,255754.1663,47.6906013,-122.3840027
995,0,0,0,219.6786769,1258380.345,255754.6761,47.6906013,-122.3850021
996,0,0,0,251.9872006,1258347.541,255755.1857,47.6906013,-122.3850021
997,0,0,0,104.2300473,1258314.736,255755.695,47.6906013,-122.3850021
998,0,0,0,213.8755897,1258281.932,255756.2043,47.6906013,-122.3850021
999,0,0,0,218.9702042,1258249.127,255756.7136,47.6906013,-122.3850021
1000,0,0,0,106.797748,1258216.323,255757.2229,47.6906013,-122.3850021
1001,0,0,0,221.888712,1258183.519,255757.7323,47.6906013,-122.3850021
1002,0,0,0,32.99265356,1258150.714,255758.2427,47.6906013,-122.3860016
1003,0,0,0,107.0083775,1258117.91,255758.7532,47.6906013,-122.3860016
1004,0,0,0,213.5748777,1258085.106,255759.2636,47.6906013,-122.3860016
1005,0,0,0,220.2991464,1258052.301,255759.774,47.6906013,-122.3860016
1006,0,0,0,228.058013,1258019.497,255760.2845,47.6906013,-122.3860016
1007,0,0,0,243.3199589,1257986.692,255760.7949,47.6906013,-122.3860016
1008,0,0,0,129.1927927,1257953.888,255761.3053,47.6906013,-122.3860016
1009,0,0,0,15.87277939,1257921.084,255761.8156,47.6906013,-122.3860016
1010,0,0,0,71.51687766,1257888.279,255762.3191,47.6906013,-122.387001
1011,0,0,0,220.8195063,1257855.475,255762.8227,47.6906013,-122.387001
1012,0,0,0,120.5900901,1257822.67,255763.3263,47.6906013,-122.387001
1013,0,0,0,142.5448737,1257789.866,255763.8299,47.6906013,-122.387001
1014,0,0,0,219.5253017,1257757.061,255764.3335,47.6906013,-122.387001
1015,0,0,0,224.884546,1257724.257,255764.8371,47.6906013,-122.387001
1016,0,0,0,213.4321476,1257691.452,255765.3407,47.6906013,-122.387001
1017,0,0,0,221.5311602,1257658.648,255765.8443,47.6906013,-122.3880005
1018,0,0,0,138.1034516,1257625.845,255766.4531,47.6906013,-122.3880005
1019,0,0,0,221.0137841,1257593.043,255767.0998,47.6906013,-122.3880005
1020,0,0,0,221.1510653,1257560.241,255767.7362,47.6906013,-122.3880005
1021,0,0,0,220.9099191,1257527.439,255768.3726,47.6906013,-122.3880005
1022,0,0,0,222.9680424,1257494.637,255769.009,47.6906013,-122.3880005
1023,0,0,0,220.3666368,1257461.835,255769.6454,47.6906013,-122.3880005
1024,0,0,0,220.566579,1257429.033,255770.2818,47.6906013,-122.3880005
1025,0,0,0,221.4345205,1257396.23,255770.9183,47.6906013,-122.3889999
1026,0,0,0,70.48181045,1257363.428,255771.5351,47.6906013,-122.3889999
1027,0,0,0,219.6796031,1257330.625,255772.1204,47.6906013,-122.3889999
1028,0,0,0,222.3542233,1257297.823,255772.7617,47.6906013,-122.3889999
1029,0,0,0,223.1018523,1257265.021,255773.403,47.6906013,-122.3889999
1030,0,0,0,223.030078,1257232.219,255774.0442,47.6906013,-122.3889999
1031,0,0,0,221.6620545,1257199.417,255774.6855,47.6906013,-122.3889999
1032,0,0,0,220.5661434,1257166.615,255775.3268,47.6906013,-122.3899994
1033,0,0,0,221.3817602,1257133.813,255775.9681,47.6906013,-122.3899994
1034,0,0,0,192.9717848,1257101.01,255776.6074,47.6906013,-122.3899994
1035,0,0,0,220.1533818,1257068.208,255777.2371,47.6906013,-122.3899994
1036,0,0,0,200.272207,1257035.406,255777.8668,47.6906013,-122.3899994
1037,0,0,0,220.6003284,1257002.604,255778.4965,47.6906013,-122.3899994
1038,0,0,0,219.7009545,1256969.801,255779.13,47.6906013,-122.3899994
1039,0,0,0,219.9440855,1256936.999,255779.767,47.6906013,-122.3899994
1040,0,0,0,137.1209134,1256904.197,255780.404,47.6906013,-122.3909988
1041,0,0,0,225.400736,1256871.395,255781.0409,47.6906013,-122.3909988
1042,0,0,0,207.9335178,1256838.593,255781.6776,47.6906013,-122.3909988
1043,0,0,0,220.7683073,1256805.79,255782.3117,47.6906013,-122.3909988
1044,0,0,0,190.7462569,1256772.988,255782.9458,47.6906013,-122.3909988
1045,0,0,0,220.6728857,1256740.186,255783.58,47.6906013,-122.3909988
1046,0,0,0,221.989452,1256707.384,255784.2141,47.6906013,-122.3909988
1047,0,0,0,232.0188501,1256674.582,255784.8482,47.6906013,-122.3919983
1048,0,0,0,232.0661323,1256641.779,255785.4823,47.6906013,-122.3919983
1049,0,0,0,219.6517335,1256608.977,255786.1165,47.6906013,-122.3919983
1050,0,0,0,222.0098396,1256576.175,255786.7524,47.6906013,-122.3919983
1051,0,0,0,204.0147284,1256543.373,255787.409,47.6906013,-122.3919983
1052,0,0,0,219.2052188,1256510.572,255788.0656,47.6906013,-122.3919983
1053,0,0,0,236.2171722,1256477.77,255788.7222,47.6906013,-122.3919983
1054,0,0,0,219.2905037,1256444.968,255789.3788,47.6906013,-122.3919983
1055,0,0,0,219.3155041,1256412.166,255790.0354,47.6906013,-122.3929977
1056,0,0,0,219.5962863,1256379.365,255790.692,47.6906013,-122.3929977
1057,0,0,0,80.66487769,1256346.563,255791.3486,47.6906013,-122.3929977
1058,0,0,0,218.0503424,1256313.768,255791.9479,47.6906013,-122.3929977
1059,0,0,0,220.7405316,1256280.966,255792.5695,47.6906013,-122.3929977
1060,0,0,0,207.4170905,1256248.163,255793.1911,47.6906013,-122.3929977
1061,0,0,0,232.7138083,1256215.361,255793.8133,47.6906013,-122.3929977
1062,0,0,0,178.409301,1256182.559,255794.4364,47.6906013,-122.3939972
1063,0,0,0,247.469222,1256149.756,255795.0596,47.6906013,-122.3939972
1064,0,0,0,217.6683692,1256116.954,255795.6828,47.6906013,-122.3939972
1065,0,0,0,219,1256084.151,255796.306,47.6906013,-122.3939972
1066,0,0,0,212.8952296,1256051.349,255796.9291,47.6906013,-122.3939972
1067,0,0,0,218.4648089,1256018.547,255797.5513,47.6906013,-122.3939972
1068,0,0,0,219.2434604,1255985.744,255798.1625,47.6906013,-122.3939972
1069,0,0,0,219.791146,1255952.942,255798.7921,47.6906013,-122.3939972
1070,0,0,0,167.7288392,1255920.14,255799.4333,47.6906013,-122.3949966
1071,0,0,0,199.7231382,1255887.337,255800.0745,47.6906013,-122.3949966
1072,0,0,0,250.8995367,1255854.535,255800.7158,47.6906013,-122.3949966
1073,0,0,0,220.0410111,1255821.733,255801.357,47.6906013,-122.3949966
1074,0,0,0,221.3100368,1255788.931,255801.9983,47.6906013,-122.3949966
1075,0,0,0,222.1235747,1255756.129,255802.6395,47.6906013,-122.3949966
1076,0,0,0,220.3454792,1255723.327,255803.2808,47.6906013,-122.3949966
1077,0,0,0,220.1714482,1255690.525,255803.922,47.6906013,-122.3960037
1078,0,0,0,220.1716066,1255657.723,255804.5632,47.6906013,-122.3960037
1079,0,0,0,30.69319416,1255624.921,255805.1905,47.6906013,-122.3960037
1080,0,0,0,221.6574487,1255592.118,255805.7995,47.6906013,-122.3960037
1081,0,0,0,220.7930776,1255559.315,255806.3943,47.6906013,-122.3960037
1082,0,0,0,221.9521909,1255526.512,255806.9891,47.6906013,-122.3960037
1083,0,0,0,202.2165578,1255493.709,255807.5838,47.6906013,-122.3960037
1084,0,0,0,220.3598252,1255460.906,255808.1786,47.6906013,-122.3960037
1085,0,0,0,219.9383737,1255428.103,255808.7608,47.6906013,-122.3970032
1086,0,0,0,221.9188835,1255395.3,255809.3356,47.6906013,-122.3970032
1087,0,0,0,61.31519413,1255368.645,255803.4974,47.6906013,-122.3970032
1088,0,0,0,220,1255367.839,255770.6989,47.6904984,-122.3970032
1089,0,0,0,221.9722246,1255367.034,255737.9005,47.6903992,-122.3970032
1090,0,0,0,221.6315427,1255366.228,255705.1021,47.6903,-122.3970032
1091,0,0,0,93.99344736,1255365.423,255672.3036,47.6902008,-122.3970032
1092,0,0,0,222.5021141,1255364.617,255639.5052,47.6901016,-122.3970032
1093,0,0,0,225.8621137,1255363.811,255606.7067,47.6899986,-122.3970032
1094,0,0,0,227.3642273,1255363.006,255573.9083,47.6898994,-122.3970032
1095,0,0,0,227.2642004,1255362.2,255541.1099,47.6898003,-122.3970032
1096,0,0,0,224.2006056,1255361.395,255508.3114,47.6897011,-122.3970032
1097,0,0,0,227.8362642,1255360.589,255475.513,47.6897011,-122.3970032
1098,0,0,0,15.79496343,1255359.783,255442.7145,47.6896019,-122.3970032
1099,0,0,0,223.9512554,1255357.852,255410.0734,47.6894989,-122.3970032
1100,0,0,0,220.444849,1255349.638,255378.3099,47.6893997,-122.3970032
1101,0,0,0,219.1340611,1255341.424,255346.5465,47.6893005,-122.3970032
1102,0,0,0,220.1535737,1255329.013,255356.4687,47.6893005,-122.3970032
1103,0,0,0,217.0151301,1255314.633,255385.9574,47.6893997,-122.3970032
1104,0,0,0,218.2957047,1255300.252,255415.4461,47.6894989,-122.3970032
1105,0,0,0,215.8775851,1255285.58,255444.775,47.6896019,-122.3970032
1106,0,0,0,217.8222555,1255268.456,255472.76,47.6896019,-122.3970032
1107,0,0,0,218.3839064,1255251.332,255500.745,47.6897011,-122.3970032
1108,0,0,0,217.7955767,1255231.794,255527.0664,47.6898003,-122.3970032
1109,0,0,0,217.6853556,1255211.737,255553.0297,47.6898994,-122.3970032
1110,0,0,0,212.5615333,1255191.68,255578.9931,47.6898994,-122.3980026
1111,0,0,0,102.926928,1255171.623,255604.9565,47.6899986,-122.3980026
1112,0,0,0,49.01610746,1255151.566,255630.9199,47.6901016,-122.3980026
1113,0,0,0,69.75515023,1255131.508,255656.8832,47.6901016,-122.3980026
1114,0,0,0,234.8851775,1255111.451,255682.8466,47.6902008,-122.3980026
1115,0,0,0,59.15516162,1255091.394,255708.8099,47.6903,-122.3980026
1116,0,0,0,198.0899684,1255071.337,255734.7731,47.6903,-122.3980026
1117,0,0,0,204.7632792,1255051.279,255760.7362,47.6903992,-122.3980026
1118,0,0,0,155.6206004,1255031.222,255786.6994,47.6904984,-122.3980026
1119,0,0,0,1.562629723,1255011.164,255812.6626,47.6906013,-122.3980026
1120,0,0,0,165.536149,1255006.5,255818.7001,47.6906013,-122.3980026
